random_ID,ID,birth_date,forward_span,backward_span
6762262577,BL211,1954.05.29,2,2
9130183417,FF211,2007.01.07,2,2
9531264260,FF170_2,2002.07.13,2,2
6249749199,FF170_1,1999.07.24,2,2
3487653258,FF169_2,2001.03.08,2,2
5407853943,FF169_1,1997.02.17,2,2
7311163541,FF168_1,2005.01.11,2,2
6828460290,FF168_2,2000.11.02,2,2
3445166737,KOR163,1995.03.12,6,5
1586595556,FF164,2004.12.22,7,4
6477474917,KOR168,1966.07.14,7,5
9633511143,KOR175,1941.06.12,6,10
9548733493,KOR177,,6,4
6124171445,FF207,2003.12.27,9,8
5879316694,FF205,2004.05.20,6,7
2987431698,BL185,1980.06.03,8,9
5097899525,FF141,2005.02.01,7,4
2631356351,FF129,2004.08.09,7,2
9901181223,FF144,2000.08.17,8,8
3305947639,FF148,2002.10.24,5,4
9890114940,FF149,2002.02.13,9,7
5187157280,FF150,2004.08.07,6,4
9605588002,FF147,1986.01.08,6,5
2016891784,FF135,2003.01.27,7,5
8548078229,FF151,2005.04.24,8,9
6250497533,FF152,2002.04.22,5,6
7801884069,FF119,2004.12.20,5,5
9594504742,FF125,1998.07.28,8,6
6315299703,FF123,1995.03.08,7,7
2597479978,FF157,2003.05.13,6,5
8803988110,FF155,2002.06.25,8,5
6441249790,FF120,2000.11.06,9,7
5424143292,FF134,2003.05.10,7,7
8847657096,FF167,2001.11.30,9,6
6261742581,FF143,2002.11.25,5,5
6738165138,FF132,2002.11.25,6,4
9826667979,FF142,1996.03.29,10,9
8108506117,160,2004.06.18,7,5
1298003918,FF163,2003.08.08,9,9
8344250250,KOR166,1975.06.12,7,2
4998264811,FF138,2000.05.15,5,5
9827834216,KOR167,1950.12.17,6,4
7006743530,FF145,2005.09.16,7,7
5803673358,FF133,2002.05.13,9,9
3539038565,FF127,2001.09.20,5,3
8253300512,FF166,2002.07.24,7,5
8088051655,FF121,2001.07.21,9,9
8509729379,KOR169,,6,2
9495970434,FF124,2001.09.27,5,4
7050352158,FF118,2005.05.30,8,5
2377520576,FF156,2003.06.20,5,4
6382710194,FF158,1998.01.06,10,10
8511780507,FF171,2006.03.29,9,8
3852737651,FF201,2001.10.20,7,8
8721795010,FF140,2001.01.20,7,6
4461235052,FF159,2000.02.05,7,3
7097089119,FF202,1997.10.26,8,6
5808738932,FF128,2000.11.11,9,5
1141626143,FF162,2003.12.03,8,7
6570442659,FF165,2004.09.09,8,6
7026350796,FF146,2002.12.06,6,10
8612155891,FF999,1999.01.07,9,8
4699727083,KOR170,1991.03.12,7,6
8856550570,FF204,2000.03.08,8,8
3193178048,FF256,2005.04.27,10,9
4650265718,FF208,2001.03.08,6,7
1131061981,KOR171,,6,5
5289101505,KOR172,1946.09.29,6,5
6021296625,KOR174,1973.10.09,7,5
6855620364,KOR173,1968.11.06,6,6
2530958625,FF210,2002.10.11,6,6
5434370481,FF222,2005.07.27,7,9
9165492506,FF269,1996.02.01,10,9
3123305160,BL165,1979.07.18,7,7
6163238286,BL167,1979.11.24,9,6
1257845011,BL205,1977.12.16,9,7
5941486613,KOR179,1967.08.08,7,4
1713364062,KOR178,1974.09.28,5,6
2197344685,KOR180,1988.09.14,7,10
4358099923,BL204,2000.02.09,8,8
7602047648,BL184,1990.02.08,7,5
2924938354,BL189,1995.08.04,7,6
2850658565,KOR181,1994.08.16,7,5
8047446781,BL176,1976.12.22,2,5
4046338951,BL195,,7,8
1637356321,KOR182,1961.10.11,8,7
5957191109,BL198,1977.09.01,5,4
3891555476,BL174,1979.09.03,5,5
2738389285,KOR184,1989.01.25,7,4
4662961847,KOR183,,2,2
5853187413,BL169,1981.03.09,7,5
3262025760,BL164,1996.05.25,7,5
1766428708,BL203,1978.06.14,5,5
2221894184,BL199,1978.09.04,7,5
1475479645,KOR185,1967.07.02,6,5
6891768806,BL177,2002.05.31,8,8
9486184313,FF217,2003.09.04,7,9
8904307050,BL178,1979.01.29,5,6
8181042263,LB168,1979.09.13,8,6
4087983726,BL171,1980.08.07,8,6
5179400249,BL183,2003.03.26,8,5
1158772408,BL196,1992.07.29,6,5
1337569496,BL191,,6,6
2576052575,BL172,1985.08.31,6,5
8792953347,BL188,1979.12.22,9,5
8007157175,BL173,1970.12.13,7,4
8673304672,KOR162,1976.06.01,8,5
5572781357,FF126,2000.08.29,2,2
5865561397,FF137,2003.07.29,5,3
3466346866,FF131,2003.10.31,8,5
3315862811,FF122,2001.06.02,7,9
8756226129,FF139,2000.08.30,7,4
8613605607,FF136,2004.10.24,6,5
4729936417,FF073,2000.10.09,2,2
5236685084,FF113,2004.08.04,2,2
5214327005,KOR161,1976.09.20,2,2
5453465050,FF081,2003.04.19,2,2
6937030028,BL163,1963.01.30,2,2
8116757251,FF079,2001.06.01,2,2
4982691616,FF080,1990.05.24,2,2
6417479867,FF104,2003.06.18,2,2
4408836423,FF105,2005.06.12,6,2
5461317281,FF102,2000.09.14,7,4
6810463434,FF078,,7,5
1455474402,FF110,2001.04.04,9,7
2759125554,BL153,1983.08.22,7,7
7614829184,FF112,2001.09.19,7,5
9574271288,FF114,2004.08.25,6,8
1908681863,FF115,1999.12.07,9,8
3531576262,FF068,2003.02.17,5,5
1477697885,FF091,2005.02.08,7,7
5589405975,FF117,2003.04.02,6,5
1419030898,FF111,2004.08.18,8,8
3218825552,FF116,2002.09.27,5,5
5553614827,FF090,2004.10.12,8,5
2374649253,BL156,1974.02.21,7,6
5368734401,BL157,1967.12.25,2,3
7840698124,BL158,1999.10.17,7,4
9280257061,BL159,2005.08.26,9,10
4542298396,FF074,2000.04.16,8,7
3306428503,FF070,2005.09.12,5,6
2842147152,FF076,2006.01.23,8,5
8635677019,FF077,1999.02.21,7,3
2565270792,FF071,2001.10.09,8,5
9056402053,FF084,2003.10.31,6,4
3463955967,FF089,2000.08.17,10,9
8643601215,FF094,2001.06.10,5,4
2966446411,FF093,2001.07.14,8,7
2393796103,FF098,2000.10.08,6,5
6510109176,FF092,2002.10.10,8,4
2082210411,FF099,2000.02.03,6,5
9618525772,BL152,,9,6
9537347579,FF101,2002.08.10,6,6
4512936328,FF106,,10,5
6482350580,FF108,1991.03.17,8,7
2484561966,FF107,1996.07.08,5,4
3720422492,FF087,2004.04.28,6,5
9981880983,FF075,,6,5
9437487969,FF109,2003.07.13,7,6
9640915805,FF097,2003.07.01,7,7
7988054845,BB101,1965.04.12,2,2
5349784311,EEG043,2001.03.21,2,2
3042069844,KOR203,2014.09.05,2,2
3448721955,KOR152,1956.01.29,2,2
3443549581,EEG051,1997.12.17,6,2
8762330270,KOR140,2007.02.02,10,9
9337742179,FF004,2000.03.22,7,7
3189874625,FF006,1995.08.21,6,5
4107914804,FF054,,5,6
2411043703,FF061,2004.09.23,7,5
9415895082,FF015,2000.07.08,7,4
8590037503,FF083,2001.12.29,7,7
4186093575,FF014,,5,5
2600905197,FF066,2003.08.09,7,4
7540028057,FF016,2001.05.24,5,9
2226096232,FF020,1999.11.29,6,5
1133413277,FF017,1996.12.15,7,6
4306089957,FF019,,6,5
4790844592,FF028,2000.07.28,9,6
4674600419,FF029,1998.04.24,6,5
7879985950,FF042,1998.06.12,7,6
8676183789,FF018,2000.07.10,9,8
4285761290,FF064,2000.05.02,2,2
8308127407,FF072,1998.01.16,5,7
3804371375,182867,2004.11.24,6,5
5356994828,FF022,2001.04.13,8,5
3740670918,FF060,2003.02.25,7,5
3675703609,FF065,2001.02.22,8,5
5894655989,FF100,2003.04.07,6,6
8312388389,FF027,2001.06.26,8,7
7224175670,FF062,2003.10.07,7,5
4467647773,FF056,2002.01.07,4,4
8050154029,FF086,2001.11.23,5,7
3923421350,FF024,1995.08.07,5,6
4254390080,FF063,2000.04.06,9,6
6531328687,FF067,2002.10.25,6,4
9152785278,FF050,1998.08.07,6,4
1537880814,FF025,2003.05.09,7,10
6034890714,FF023,2000.09.06,6,5
7079972881,FF030,1994.08.22,9,10
4213501644,KOR130,1954.06.18,7,6
5318919591,KOR138,2003.09.04,4,4
3956298862,KOR139,,10,10
1499354348,KOR141,2007.09.29,7,6
3391439973,KOR131,1960.04.25,4,2
3259169619,KOR135,2006.07.26,8,5
1618637088,KOR145,2006.06.02,5,4
4413389169,KOR146,2006.12.17,6,2
2805515304,KOR144,2005.02.10,6,4
5941221076,KOR147,2008.03.07,6,6
9041081529,KOR136,1965.04.23,8,7
2498367190,KOR148,1956.10.02,5,4
8743266248,KOR132,1953.01.16,5,3
6531041182,KOR149,2009.04.07,9,7
3254920235,KOR150,2004.07.27,6,5
2574288212,KOR153,1962.10.01,6,5
5188285044,KOR158,1961.01.30,8,5
8919904184,KOR154,1961.07.26,7,4
5234073834,KOR133,1945.06.24,5,3
8896335038,KOR134,1941.12.03,6,3
3617402759,KOR157,1954.08.14,7,2
7129309375,KOR151,1957.02.01,7,6
8126832392,KOR137,1938.04.09,5,5
7781490256,KOR159,1952.09.11,6,5
5325625001,KOR160,1949.12.13,2,4
1208970075,FF003,2000.07.10,7,4
7241059793,FF001,2001.03.27,7,4
6418514817,FF008,2001.04.10,6,6
8237686966,FF007,1999.05.24,7,6
2103539052,FF010,1998.11.24,8,5
1405746417,FF005,2002.05.08,6,5
1655393438,FF012,2000.07.12,8,6
8179274664,FF013,2000.08.15,9,5
4424573506,FF009,2000.07.05,7,5
6527770372,FF055,2002.02.11,5,4
7561894179,KOR109_2,2007.12.03,2,2
1401736332,KOR109_1,1948.09.07,2,2
7016063528,KOR108_1,2007.06.06,2,2
7274762627,KOR108_2,2008.01.22,2,2
3832608807,AF100A,1969.03.23,4,2
3402694910,AF111,1944.02.13,5,4
6991508381,ADHD129,,5,4
8802890000,BS110,2008.10.20,5,4
1307573539,BS102,2009.05.22,2,2
4599849380,BS105,2009.12.21,5,4
6044597173,ASD133,"2011.,03.17",7,6
3989815330,KOR102,1963.09.06,5,3
8226998500,KOR114,1955.01.01,8,4
3629567668,DAMI_10,2010.01.21,4,4
2867864416,TB108,2005.08.25,6,6
8099779249,BL151,,5,5
6746115292,KOR105,2003.12.05,5,4
5127045228,KOR104,1950.12.15,5,4
5214752284,KOR106,,2,4
9949333758,KOR112,2006.09.17,5,5
9810974733,KOR107,2005.05.24,6,5
1649273995,KOR111,1957.01.04,5,5
5333207189,KOR110,2006.02.26,5,5
4081071894,EEG034,2001.04.13,9,8
6498579011,KOR201,,7,6
5957547595,KOR103,1958.03.09,3,6
2760837600,EEG025,,7,6
8088728358,KOR118,2004.22.30,6,5
4945605236,KOR121,1987.10.16,7,5
8125385637,KOR116,,4,3
2693506525,KOR120,2003.05.06,7,10
7220600830,EEG036,2001.02.27,8,7
9967310424,EEG028,2001.01.04,7,8
3880335796,EEG029,1982.08.11,7,9
7323113899,KOR113,2005.06.01,5,5
9882750703,EEG049,2001.09.21,7,5
8089296713,KOR115,1956.05.04,8,6
4216284088,KOR123,2005.02.23,10,10
2118700640,KOR202,2009.06.08,5,5
1902999599,EEG035,1983.08.22,7,5
8750963628,EEG041,2000.02.07,6,4
5218138070,KOR122,2004.12.02,6,5
2050164514,EEG046,2002.04.09,6,5
4544444026,EEG047,1999.03.14,6,6
9137261912,KOR119,2008.09.07,5,4
7069473666,KOR124,2005.04.01,8,4
4996178237,EEG048,2001.11.08,7,6
1856180814,EEG042,2001.03.31,7,8
6169965346,EEG044,2002.05.17,7,5
6204257992,EEG052,2003.03.11,5,5
8778932952,EEG050,2003.04.24,6,4
6093726590,EEG033,1981.05.06,6,10
9886815114,KOR127,2005.08.23,7,5
4916034573,EEG038,1996.12.23,5,5
9576695157,KOR126,,2,2
6030621090,EEG037,2000.10.20,7,4
3729003525,EEG045,2000.10.25,7,5
1354478787,KOR129,1962.10.15,7,6
2142556844,KOR128,2005.05.06,7,10
2905727466,EEG031,1998.07.30,6,5
9331435255,EEG032,1979.11.23,7,7
9906673226,AF121,1957.12.11,4,2
6155080732,AF120,1960.10.20,2,2
4566317809,AF122,1947.08.21,2,2
6616571138,AF123,1969.08.31,4,4
4672748316,AF124,1962.07.18,4,2
9564623141,AF125,1962.10.20,4,2
5243719524,AF126,1956.10.22,7,4
8788588271,AF127,1951.09.27,2,2
5908970328,AF128,1969.07.31,3,2
6418325305,AF115,1944.10.08,5,3
3792890268,AF113,1954.09.15,4,3
2556109963,AF117,1957.07.03,5,3
6979895448,ADHD130,,5,4
9922178276,MX108,2012.05.08,4,2
2076688716,KO119,2012.05.01,5,3
9953426887,BL142,1996.03.15,7,6
5632908911,ADHD131,,4,5
5090572185,ID122,1941.10.06,6,2
1474069942,ID117,1934.01.10,4,2
3611111586,ID121,1939.09.20,5,5
3103510469,ID115,1933.08.25,6,5
3149730827,ID116,1940.02.10,5,2
5343757566,MX110,2012.05.21,6,2
7585697174,ID126,1938.08.15,4,3
7536600952,ADHD127,2010.5.4,5,4
9393564171,BL146,1991.10.05,7,6
1721965211,MX111,2012.12.17,5,3
7971740580,EEG019,2000.06.21,5,4
9334062083,EEG004,2001.09.13,5,4
2182963732,EEG014,2002.07.20,2,2
7181267643,EEG003,2001.06.29,7,8
4816830431,EEG024,2001.07.14,6,6
8544363026,EH7WG0,1999.05.23,2,2
8764218893,EEG023,1993.10.11,7,6
6666050561,EEG011,2001.02.25,6,5
9494153436,BL148,2001.08.02,8,7
3370738593,ID120,1933.05.11,5,4
4771055201,ID119,1947.01.22,3,3
1794326754,ID123,1933.04.13,2,3
9576678977,BS115,2007.07.20,7,3
4462644477,BS114,2007.05.24,5,4
5317304547,BS113,2007.05.10,6,2
1897645498,BS112,2007.10.03,5,4
7079617189,BS111,2008.06.17,6,5
8092976535,BS109,2008.08.23,7,4
8328224900,BS108,2009.06.06,4,5
2473575967,BS103,2009.01.06,5,4
7581900188,BS104,2009.06.06,6,4
3111921028,BS106,2009.11.02,5,2
1439409889,BS107,2009.06.17,2,2
4406618012,BL143,1998.12.03,7,4
9823903953,TB103,2006.04.20,6,7
6280401997,TB101,2007.03.26,7,5
9840711691,BL145,1991.07.04,5,4
5996952323,BL150,1980.04.12,6,7
4685800760,BL149,2002.01.16,5,5
4429864271,BL147,1990.08.12,6,5
4029205478,TB102,2006.09.19,8,10
9673510218,ID312,1935.07.19,7,4
1617782099,ID313,1949.08.18,5,3
1265121713,ID314,1962.02.28,4,4
6871504621,ID315,1945.11.10,5,4
6075221223,ID316,1936.10.15,4,3
9125786118,TB105,2005.05.17,7,6
2998525176,TB140,2006.09.07,5,4
2837059760,ID317,1948.08.08,5,4
5223814973,ID318,1944.06.22,6,4
2142783258,ID319,1951.12.13,4,3
1808488884,ID320,1939.05.27,5,3
1797002498,ID321,1942.01.15,4,3
3041869419,ID322,1938.03.29,5,3
8318909054,ID323,1945.02.27,6,3
4013400141,ID324,1941.05.04,4,4
7789723180,ID325,1958.09.12,5,3
3646905983,ID326,1944.11.09,5,3
7030705932,ID327,1952.01.25,5,3
6341776845,ID328,1932.12.02,7,4
1847261588,ID329,1942.01.08,5,3
7102914046,ID330,1946.09.14,6,5
7339699742,ID331,1941.11.25,4,2
7727048504,ID332,1944.05.27,6,2
2980092864,TB107,2005.július.6,8,5
9814306012,ASD132,2013.01.24,2,2
7750802113,SN015,1999.12.19,2,2
5484648906,SN009,2002.05.21,2,2
4529392493,ADHD128,,2,2
6835036325,MX104,2007.10.02,4,2
4616109219,ASD109,2007.11.13,7,5
9724248887,KO101,2012.07.22,5,5
5026666758,MX101,2007.12.03,5,5
2159865408,MX106,,5,3
9730934357,MX103,,5,2
5506976355,ASD110,,6,6
6454919637,KO102,2013.05.26,5,5
6038418392,ASD105,2012.02.09,5,4
8427611476,ADHD120,,7,4
8272541054,ASD103,2012.07.24,7,4
5293670250,ASD113,,7,4
4781641978,ADHD121,2010.11.04,5,5
2176413853,ASD120,2012.08.27,4,3
1531240312,ASD125,2008.03.23,5,4
8712356822,ASD128,,5,4
5414517563,ASD118,2012.12.26,3,4
4408236364,ASD131,2010.10.27,4,4
9358577911,ASD114,2008.12.29,4,2
2849846475,MX102,2008.05.14,5,3
8326911941,ADHD122,,6,3
2682176364,ASD119,2011.10.19,5,2
9093355946,ASD126,2009.07.13,3,3
6875369469,ASD115,2010.01.13,4,2
6193868903,KO103,2007.12.22,6,8
7806301602,ASD129,2011.04.28,6,4
7910835231,ASD127,2008.07.28,4,4
1690333008,KO107,2010.12.22,5,4
7019406828,KO108,2010.09.01,5,3
1150938548,KO106,2010.08.12,5,4
5300190675,KO105,2010.11.22,5,5
8149807845,ASD107,,3,3
4791809840,KO109,2012.11.01,3,3
7403728407,KO113,2013.06.14,5,2
6400551699,KO111,2012.12.08,5,3
8046462679,KO110,2012.02.10,5,4
5739309954,ASD117,2007.09.26,3,2
3339902236,ASD124,2012.10.25,3,2
9549343022,SN030,2000.02.12,5,5
1686527731,SN004,2000.08.28,6,3
5177788873,SN025,2002.05.10,6,6
1655923509,SN016,1991.02.09,6,4
5205579462,SN028,2000.12.02,6,5
2779839821,KO124,2010.09.14,5,4
4485605486,KO125,2010.03.31,5,3
7132284343,KO126,2010.03.13,7,4
5402654174,KO123,2010.03.05,7,3
9094151671,ASD130,2008.09.20,7,4
7360615039,KO120,2011.11.30,5,4
5274422180,SN006,2002.11.12,9,5
6103670889,SN003,1999.05.27,6,9
5787442890,SN031,2002.10.09,8,8
7346003884,SN002,1999.12.21,6,5
2460160373,SN001,1997.06.17,8,2
2166451380,SN033,1999.03.01,6,5
4453729831,SN014,2001.10.24,7,6
9036673210,KO112,2013.05.07,4,3
5331085120,KO116,2013.06.27,5,3
9253123596,KO115,2013.05.25,5,2
1196108896,ADHD123,,6,4
8093081599,SN017,1998.11.27,8,7
5112572460,SN037,2001.07.26,7,7
9651643646,SN027,2001.01.01,6,4
2706383890,ADHD126,,5,4
1369308439,SN011,1962.10.15,7,6
6468888411,SN026,1998.01.14,10,10
6772381329,SN019,2000.03.28,8,8
5869158402,SN012,1994.07.13,7,5
5549658414,SN007,1995.07.19,7,6
4391830847,SN036,2001.04.30,7,5
8216303669,KO121,2010.09.06,6,3
3676143918,SN038,2001.12.30,7,5
5418711854,SN005,1983.09.25,7,8
5361387697,SN032,2002.06.29,7,5
4739560761,KO127,2010.10.11,6,4
1535671683,SN024,2000.08.10,7,7
9232836121,ADHD124,,4,2
2878317074,SN008,2000.07.13,8,7
1449118661,ADHD125,,6,4
4995440602,ASD112,,6,3
2117945370,KO118,2012.06.07,5,4
3490632424,5027_2,,2,2
7139556373,5027_1,,2,2
9924714476,2342,1953.09.01,2,2
4339604247,5098,1967.08.29,2,2
5166681924,5040,2003.03.11,2,2
5076740039,5074,1996.03.22,2,2
7546043434,5210,1967.12.20,2,2
9429747107,BL110,,2,2
5061855146,AF101,1952.02.28,2,2
9859343107,AF109,1949.06.12,4,4
3172982476,BL123,1993.01.28,9,6
4408004954,ADHD106,2008.08.04,5,3
5865139384,BL121,1982.06.06,7,7
7904029950,ADHD110,2011.08.26,4,3
1858776900,ASD101,2011.08.26,4,3
5564176084,BL132,1999.06.17,8,7
1792982933,ADHD113,,5,4
8016109899,BL126,1986.09.29,8,6
1744004035,BL134,,7,6
3974395334,ADHD112,,5,3
2912675756,ADHD115,,5,4
2232057958,ADHD116,2010.05.12,5,2
1456442875,BL129,1994.03.10,5,5
6390699194,BL124,,7,7
9275498114,AF116,1969.01.31,8,6
1909164851,ADHD108,2010.03.29,7,4
8930738806,BL136,1997.11.27,5,3
1160733781,BL138,1994.09.15,8,5
5946746295,ASD102,,6,5
4736845901,ADHD118,2010.12.16,4,3
7597283508,ADHD117,2011.12.07,5,2
7767596926,ASD108,,6,6
2024519839,ASD104,2011.01.20,5,3
5218651724,ASD106,2009.08.06,6,3
6413481256,ADHD119,,7,4
1983319309,ADHD102,,4,2
3953621637,ADHD101,2009.05.01,5,2
5050245062,AF108,1969.05.26,6,5
6218269061,ADHD107,,4,2
4262513969,ADHD104,,6,5
2607163359,AF110,1941.5.04,5,2
8333526489,ADHD109,,5,3
1703218164,ADHD105,2012.10.06,4,3
8383999100,BL127,1995.07.25,5,5
3345275968,ID103,1998.06.16,8,5
5060638096,ADHD111,2008.09.04,5,3
6392450565,6246,2008.02.16,5,3
3611170128,6134,2009.05.24,5,4
5873864193,6130,2009.február.8,7,5
2787075814,6257,2007.09.30,8,5
6951279521,6250,,7,5
8683514317,6261,,7,7
7486624231,6251,2007.04.01,7,7
9894468961,6259,,7,7
7115189659,6140,2006.2.23,6,6
3548296564,6136,2008.10.22,5,3
6804582084,6214,,5,5
4914916621,6247,,7,8
7244910379,20,2006.01.03,3,2
7053483093,6220,,2,2
5663204449,6104,2010.03.24,5,2
4559153573,6105,2010.03.24,5,4
2242993748,6107,2011.06.10,7,4
7380847475,6131,2008.07.01,5,3
4746688763,6127,2010.04.28,6,5
5146272374,6103,2010.Május.20,5,4
8322857808,6218,,6,5
5245306038,6213,,4,4
6020745180,6226,,5,4
4126801761,6212,,4,4
4186718447,6224,,5,3
2183040957,6236,,8,7
9930074066,6223,,6,5
4575873559,6206,,5,4
7519930356,6221,,6,4
5955792669,6219,,5,4
2201603281,6210,,7,6
6589482288,6231,,5,4
5416766254,5206,1999.08.27,5,5
9060342810,5203,,7,5
8291267203,5205,2000.10.14,6,4
3447006801,BL104,1976.04.06,6,4
4675230250,BL105,1994.07.08,10,10
1553928804,5200,1994.03.11,7,5
8143371413,BL108,1998.06.29,6,5
6338481539,BL106,1994.09.28,5,5
4411302361,5201,1998.04.16,6,5
5962682452,BL112,1993.06.10,7,5
3805683312,BL102,,2,4
2512593455,LA101,1976.04.16,7,9
9285189582,BL117,1994.11.18,10,9
2407626617,LA103,1949.10.28,10,8
7997402389,BL116,1980.08.05,6,6
4147360781,5216,1996.09.16,10,10
2529675101,BL118,1969.07.14,8,6
7580356541,LA102,1971.08.18,8,7
5768102630,BL114,1998.10.10,8,8
9105281280,5204,1992.02.07,7,10
6863436745,BL119,1997.04.02,8,6
2245454184,6122,2012.03.12,7,6
4370260943,6102,2010.12.20,6,4
1376487764,6101,2011.04.23,6,5
7420996096,6125,2011.11.17,6,2
8856911614,6124,2011.11.14,4,4
9559105014,AF102,1970.08.02,5,4
8175794754,6126,2012.05.26,5,4
1227281376,2305,2000.09.13,6,5
1486022300,2350,1968.04.27,7,7
1475769130,3209,2000.04.11,7,6
8629462376,3350,1999.12.27,6,6
1982043009,3351,1999.12.06,10,10
2172010307,2351,1970.11.12,7,4
4101385234,3201,2000.04.20,6,5
9642756802,3352,1999.08.23,7,7
4288535428,2352,1992.12.05,10,8
7964307292,2353,1982.07.15,5,6
5211102743,1353,1999.10.27,8,6
3062062120,2210,1999.09.11,7,6
1224546331,2204,1998.10.29,6,5
6776744124,1354,2000.11.02,6,6
6086262692,1203,1999.01.05,6,4
8465039486,3208,1973.02.01,6,2
8542647564,1211,1998.08.09,7,4
6205316574,2354,1988.04.04,8,9
5017944553,3211,2000.02.23,5,6
3839278544,3354,1981.12.05,7,6
8587997856,1355,2000.04.26,8,10
3450973295,1356,1982.09.29,7,5
2637943213,2004,1998.11.13,6,5
9543536655,3355,1984.10.14,7,5
3281127994,2356,1993.07.10,10,9
3247223532,2002,1992.09.28,6,2
1599654732,1005,2000.04.11,6,5
7666850826,1357,1989.09.26,7,5
4303908583,1210,2000.02.17,7,4
7168556208,3305,1973.09.29,6,5
8189503015,2357,1958.08.15,7,4
8073437259,1314,1995.09.20,9,7
3667082132,3357,2010.01.17,6,4
5115733835,2212,2003.05.24,8,4
2714097352,1212,1998.04.07,7,6
4905032167,3309,2000.02.08,5,5
7976440352,1358,1981.08.10,6,5
9235762159,1359,1994.01.24,7,5
9728484208,2359,1997.07.09,5,4
4343078884,3359,2000.02.17,8,10
5104312888,2360,1981.05.27,8,9
3585072494,1360,1999.01.22,7,6
4695827357,3360,1982.09.04,10,8
3438071000,1361,1999.09.11,7,5
7910679640,2361,2001.04.23,7,7
3755187072,1362,2001.02.13,2,5
4587871021,3361,1972.02.27,7,5
8941787063,1351,1992.02.28,7,10
7038836216,2362,1996.12.21,7,7
5557893902,2006,1999.02.15,6,4
4357491546,1363,1990.12.28,7,6
9947551647,2363,1972.06.15,9,5
6318129406,3363,2000.10.01,10,5
3408504692,1364,1995.07.15,6,2
9403426068,2364,1978.11.28,7,5
6770125270,3202,1999.12.17,7,6
5478228631,3364,1979.03.14,7,6
5796193047,3333,2000.08.19,7,10
6154212620,3212,1999.08.08,10,9
4391978709,1365,2000.03.12,5,3
8989242222,2213,2000.03.29,8,5
1246659374,1213,1995.06.17,7,8
7896908519,2365,1997.09.28,8,4
9206518701,1209,1966.10.10,3,6
1829034167,2366,1983.06.13,9,7
6435088411,3366,,8,5
8252787058,2367,1981.06.24,7,7
4467967915,3213,2000.08.10,9,2
2744232834,3367,1999.04.23,5,5
6601595008,1204,1999.08.04,7,6
1635947251,2368,2000.09.14,9,7
2479880995,1369,1988.10.01,10,10
1292845986,3368,1990.02.02,7,10
8090838082,2313,1999.02.13,5,4
7803818217,1367,1996.07.02,8,8
9750617607,1368,2000.12.13,6,6
3025454614,3369,1978.04.19,10,8
1558047065,1370,1984.04.12,10,10
6616715080,2370,2000.02.18,7,7
5492622384,3370,1999.06.25,6,5
5618135685,1342,,8,8
2805611461,2371,2001.01.31,6,6
4340490697,3007,1998.01.19,9,8
3293894883,3371,2000.12.06,7,7
8460805522,2372,2001.03.24,7,7
6384607978,1373,1987.10.01,9,6
1575462475,2373,2000.10.13,8,6
3854850958,3328,1979.06.13,9,5
1386864649,3373,1992.12.28,5,5
2419235880,1374,2000.05.21,6,4
7181419727,3374,1978.08.09,7,5
4464695419,1375,1999.10.03,7,5
1336191885,2375,2000.12.18,7,5
6995427561,1376,,4,5
9549202305,3375,2000.08.18,10,8
5759030815,2358,1993.03.24,5,5
6264827092,1371,2000.05.28,9,5
5461121293,2376,1985.07.26,10,10
6687023887,3376,,5,4
4657361174,2374,2000.04.27,5,5
6233572729,1377,1995.09.24,5,4
4668478057,2214,1999.03.22,7,6
5321826799,3356,2000.01.13,9,8
2422374773,2377,2002.02.12,5,4
7644506416,3377,2001.05.25,6,4
7737891777,2203,1998.06.29,8,5
7671502081,3318,2000.11.22,6,8
3183087930,1372,1982.01.19,5,4
7066123787,2007,1998.05.19,8,5
3125364756,2378,2000.11.06,7,4
1249446151,1337,1983.04.17,2,2
6381900543,3214,1999.12.16,7,4
7655827129,3378,1999.08.19,7,8
5757014020,3372,1977.09.09,10,7
6189811623,3365,1999.03.05,6,4
9104130305,2207,1997.12.16,7,4
2350593190,7519,1977.09.22,8,5
9940110281,2317,2000.08.10,7,5
4585628875,2380,1995.10.17,7,6
2063240193,2211,1998.09.29,7,7
7105178761,3379,1999.11.27,7,4
1126596662,3380,1982.10.13,6,4
1132214827,2369,1996.02.07,8,5
2238395667,1380,1986.07.31,7,2
3958819852,3353,1996.10.21,4,10
3724648198,2329,1995.02.07,6,6
7611732961,1324,2000.09.24,3,6
6091569538,3381,1992.05.16,8,5
2863962332,2381,1996.06.12,7,4
9964451415,1382,,7,7
8125136782,1352,,6,4
5671415530,1918,1992.02.16,10,10
2244921106,3210,1999.01.05,7,5
8185438267,1215,1998.01.28,6,5
6571122594,1383,1941.11.11,7,4
7994660923,1102,1989.12.26,7,5
7014043830,1379,1993.03.05,7,5
9275154449,2215,1999.07.05,6,5
3168657137,2103,,7,7
7305562037,3103,1994.08.05,7,5
4359882481,3102,1994.04.01,7,2
8300145323,2102,1966.08.29,7,4
5483686541,3101,1997.04.14,6,4
8035863161,1103,1992.11.02,6,5
8789754703,5002,1956.07.20,5,2
4152978564,5003,1949.05.24,6,5
9566998186,5006,1994.12.15,7,5
4140410351,5005,1997.01.08,7,5
1708206148,5009,1964.11.23,5,5
3192659508,5012,1993.09.12,7,5
7879248935,5008,1993.12.09,7,7
7544212029,5013,1995.03.20,7,8
7017991302,5022,1982.12.24,7,4
3141311607,5030,2002.05.14,7,6
6033388492,5014,1999.05.07,6,4
8714548006,5085,1964.12.16,6,6
7507557113,5044,1994.11.25,10,9
9427374277,5075,1954.06.22,7,2
7065356730,555_16,2008.06.20,5,4
3564685298,555_13,2008.04.17,3,2
2787126592,5102,1992.08.02,7,5
2014312777,5048,1970.10.22,6,3
7383911766,5060,,8,6
9773482830,5034,1970.10.22,8,5
7491035966,5105,1966.03.14,2,6
2179869620,5106,1971.12.13,9,8
2078028785,5088,1992.05.27,5,4
4332101342,5038,1977.04.20,8,6
2889812396,5086,1993.09.03,5,6
8471246426,5111,1961.09.02,6,4
5686676438,5039,2003.07.02,7,7
3515931245,5101,1967.02.21,6,5
8172575502,5015,2004.06.25,6,6
7621628945,5055,1970.07.06,6,3
3326845437,5061,1972.05.18,6,4
4966155232,5056,1974.08.26,6,5
5978625783,5066,,7,5
5004300592,555511,2008.12.16,4,2
8156876693,5024,1998.05.29,6,5
3182375865,5099,1996.10.22,9,7
4522323516,5065,1986.02.11,10,8
8770935449,5096,1966.08.08,10,2
1516831087,5093,1983.02.27,7,6
7009440475,5095,1995.07.04,10,9
5767143548,5047,1981.04.07,7,5
9162030253,5029,1997.06.20,7,8
5479524975,5023,1951.10.06,10,9
3259671058,5018,1991.10.05,5,6
8807937040,2101,1995.12.04,8,7
6631892627,5087,1974.10.26,7,6
6359641781,5057,,8,7
9831673411,5037,,7,4
7987286010,5077,1990.12.28,5,9
4078508248,5016,1989.04.27,7,5
9675184429,5091,1995.04.21,7,7
7694866007,5021,1966.09.14,5,5
8209183984,5031,1963.09.12,7,4
5441788976,5062,1968.02.21,6,4
1790183165,5032,1963.05.13,2,2
2955498879,5083,1966.10.05,7,6
7560343759,5114,1997.03.02,5,5
2971774629,5100,2004.12.21,7,4
7751268156,5080,1964.12.06,6,5
9112209782,5112,1987.07.20,8,5
2811243212,5045,1999.06.28,2,2
4529769901,5109,1965.11.27,7,6
8400839336,5067,1975.05.21,5,5
6712743524,5084,1997.05.25,9,5
6551762853,5068,1974.08.02,2,3
2415393148,5064,1967.12.15,7,4
2942905977,5046,1956.08.02,5,5
2439704976,5058,,8,10
1632079752,5107,1994.11.05,6,2
9109013863,5051,1971.09.22,6,5
9078777751,5120,1998.02.06,4,3
1671043660,5025,1952.01.18,6,5
3515039606,5050,1997.04.16,7,5
3308227246,5036,,8,5
1434029646,5116,1968.01.03,6,5
1385263901,5094,1996.01.28,6,6
5447045484,5092,1997.02.15,10,10
2676565372,6,2005.10.06,3,2
4038751836,5119,1992.11.09,7,6
6909782889,5117,1989.08.14,9,5
6347520977,3035,,9,3
3376788593,5108,2002.09.12,6,5
3310624704,5078,1996.12.10,5,5
9156089085,5081,1965.10.02,6,4
8328462154,5079,1998.06.25,4,3
2941507761,5043,,8,4
9681929489,5090,,9,5
2802065059,5019,2006.08.17,7,4
7350963256,5042,1969.04.23,7,5
2830326808,5071,1946.12.31,2,4
7820148116,5020,1996.04.06,8,8
6420586399,5104,1993.11.22,7,6
9398189716,5076,1996.12.23,8,6
5053647668,8,2008.08.27,5,2
9604912013,5052,1991.10.28,7,4
3717410418,5103,1991.10.27,9,7
8449697237,5063,1997.10.17,5,6
6885356621,7,2007.06.27,5,4
9440248316,18,2006.03.03,4,4
1194757643,1,2007.03.03,4,4
6962228425,5209,2004.05.18,7,7
7418557806,5202,1998.03.03,5,5
8006840421,6113,2008.01.03,5,5
2271853174,6115,2009.06.09,6,6
5126081218,6112,2009.02.13,2,2
5323687792,6120,2009.11.26,6,4
6046760834,6116,2010.08.06,4,3
1179714130,6117,2009.12.05,5,3
3891173776,6114,2009.04.30,2,3
7251286801,6129,2009.6.21,5,2
6611928670,6111,,2,2
9212588916,6138,2006.03.21,5,4
1730426272,6137,2006.10.31,6,4
1570768702,6253,2007.05.14,8,7
6506034946,6118,2009.07.17,6,5
1219938401,6139,2006.06.12,5,4
1578127081,6132,2008.4.19,7,4
5132493391,6128,2010.03.21,6,5
9441564880,6135,2008.05.15,5,4
8102993050,6133,2009.2.18,5,5
1475328288,1002,1996.01.18,7,6
8655016163,1001,1998.09.30,8,5
5810809227,3002,1999.12.25,8,8
2383510783,2307,1999.03.13,9,8
5659401084,1303,1996.04.15,5,5
4121791728,1305,2000.05.16,5,4
7950744743,2301,1999.05.12,8,5
9379393722,1306,1993.07.29,10,10
1471170580,1307,1996.02.19,4,3
8262772827,3308,1993.01.18,7,6
2135074707,2306,2000.01.27,6,6
7110439797,1310,1991.07.04,9,6
1489468696,3307,1999.12.11,6,5
4225467037,1309,1998.03.24,8,4
2140239794,2302,1991.11.19,6,5
5945662160,3311,2000.06.06,6,5
3176274939,3310,1996.06.11,7,7
7716217996,3312,1999.07.20,7,4
5084757056,2309,,10,10
8223424617,3313,1999.05.14,7,5
7567169097,1313,2000.10.07,2,5
9467160979,2312,1999.11.03,7,4
8085154089,3306,2000.10.19,7,5
4016051324,1312,1999.08.10,7,6
8767385591,2315,2001.03.28,9,7
4746838514,1315,2000.06.20,7,5
9611848311,2308,1999.11.24,10,9
4264233583,1317,,5,3
1767729289,1316,1995.06.02,7,4
5569553333,2303,1996.06.12,6,8
1636219752,2001,1999.09.07,7,9
9410335177,2318,2000.04.13,10,7
1121803459,1320,2000.05.22,6,6
5466524174,3301,1992.09.07,6,4
7175685946,3321,1997.03.08,7,5
6188713205,2320,2000.02.28,10,5
5792070661,3303,1999.02.08,7,7
5535809097,2322,1998.08.25,9,8
1963324890,2321,1999.11.01,7,7
6499877350,3322,2001.03.17,6,3
6549126606,2311,2000.05.01,8,4
6499891690,1321,2000.12.11,7,4
6683568625,3005,2000.09.06,7,6
9373396752,3323,1979.09.11,10,7
5911738371,2323,2000.04.02,10,7
6757691131,3320,2001.02.18,6,10
4693815026,3319,2000.04.15,10,10
5239292969,2324,2000.12.24,7,7
7217783104,1318,2000.05.31,7,6
4801335930,2326,1998.06.10,6,6
8573696516,3326,1999.07.08,7,5
8838267049,1328,1999.06.24,6,5
9025918169,3006,2001.05.03,6,6
8298196117,2328,1989.01.28,10,8
3289020216,3316,1997.06.13,5,4
8161728591,2003,2000.07.22,2,2
4019150812,3004,2001.04.12,2,2
9026616878,1322,1999.10.22,7,2
4338220845,3330,1987.05.14,10,10
8470889004,2331,1985.01.02,6,8
1829284762,1332,2000.06.04,6,10
3490511244,3331,1985.06.15,5,6
9893055190,2332,2000.04.12,6,4
5257085801,3332,2001.01.07,10,10
6507801199,1325,2000.10.18,7,5
6324508527,1327,1998.09.29,6,5
2590689476,2333,1999.08.29,9,9
9477822333,2327,,5,4
7630182944,2330,1995.10.13,2,2
2770122416,3325,2000.02.08,6,5
9273319650,2334,1999.10.29,7,4
9595992575,1334,1999.10.29,6,6
8047443158,3334,2000.09.29,6,3
6229417016,2335,,5,2
8757006449,1336,1986.08.28,8,4
3495990840,3335,1974.07.16,7,3
9897733177,2336,1996.05.29,6,5
4987560636,3336,1995.11.04,6,6
8641138257,3001,2000.07.20,5,4
3651285939,3003,1999.12.15,7,5
1227486187,1331,1983.10.02,9,6
6752962693,1308,1987.06.17,7,6
6012034467,1329,1996.01.27,5,5
8452001495,3337,2000.10.31,7,7
3152364929,1338,,5,5
2172885785,2201,1999.03.30,7,5
5387949213,1201,1998.05.19,9,2
7578761600,3338,1998.03.11,7,4
9164198359,1339,1999.11.08,7,5
1764979131,2337,2000.03.06,5,5
1364264190,3205,1998.03.14,9,5
3248719005,1205,1999.09.16,9,6
7019193324,1206,1999.12.15,6,5
8105134328,1202,1997.06.03,7,7
3149462557,2339,1985.05.21,10,10
4988003847,3204,1998.05.22,9,5
8756065810,3339,1995.08.07,6,7
7023563487,2340,2000.11.07,7,6
8268463691,3340,1999.10.28,7,5
9372455996,3314,2001.03.19,6,4
5107712099,2338,1999.01.28,5,5
6435809846,3206,1999.12.09,7,5
7924027673,1341,1999.07.01,8,6
9682502706,2341,1974.02.13,7,6
9870435813,3341,1990.12.24,6,8
5267792640,1335,1990.04.03,6,5
4937284584,2310,1975.11.10,7,7
2699333012,1207,1998.01.21,6,4
3787248612,1343,,5,6
5870162840,3317,2000.07.20,7,6
8367022591,3342,1991.09.27,10,10
3655721163,1004,1997.06.08,7,7
9019396805,1323,1998.10.02,6,7
7731646628,3343,2004.04.17,10,10
1320394947,1344,,10,5
1359313211,2344,1967.10.12,7,8
4045318408,3344,1996.03.08,10,6
7855956612,1345,1997.03.27,6,5
3237744135,3327,2000.08.08,7,7
7657655919,2345,1983.08.30,7,6
3729140042,1346,2001.03.04,8,4
1589422589,2205,1996.08.25,6,5
3703544320,3207,1999.06.21,7,6
8904122168,1208,1998.04.15,9,6
9080419088,3203,1999.04.15,8,8
4087377550,2346,1990.06.15,7,5
5175276792,3346,1983.07.19,8,2
7815413673,1347,1971.04.15,5,10
8344694513,3347,,9,4
5617363619,2347,1999.09.27,6,5
2489309845,1348,,5,4
1679060650,2208,1999.04.09,10,10
1921098144,2348,1979.03.17,7,5
1941231029,1349,2000.06.28,6,5
4134994741,3348,1999.06.20,7,8
5743116969,2316,1986.06.12,7,5
4662596070,2206,1999.05.26,9,6
2716212785,2325,1996.12.07,7,3
7361199547,2349,1999.03.19,6,4
7672268400,3349,2000.04.25,2,2
2295673983,1350,1975.02.07,2,5
