random_ID,ID,birth_date,vis_RT_med,ac_RT_med,vis_dec_RT_med,vis_dec_ACC,vis_dec_score
7021335265.0,4001,1997.02.05,0.22010000000000002,0.25569,,,
5529060175.0,1002,1996.01.18,0.268,0.3135,0.853,0.9076923076923077,0.9212615384615385
8206017876.0,1001,1998.09.30,0.258585,0.3431975,0.7211449999999999,0.9552238805970149,0.9677099253731343
3172100208.0,3002,1999.12.25,0.2418825,0.254905,0.9795575,0.896551724137931,0.8986664655172414
1618731555.0,2302,1991.11.19,0.288,0.273,,,
3221385047.0,3304,1997.07.09,0.36978999999999995,0.2861025,1.34012,0.918918918918919,0.8913416216216217
7407198448.0,1303,1996.04.15,0.2932475,0.2587575,0.789925,0.9411764705882353,0.9535338235294117
8119313209.0,1305,2000.05.16,0.26129749999999996,0.2870975,1.01623,0.9,0.898377
9432799901.0,1304,1992.07.18,0.3054525,0.339685,1.04789,0.8571428571428571,0.8503014285714285
4624441231.0,2301,1999.05.12,0.2813325,0.302805,0.9155075,0.8571428571428571,0.8692132142857143
5212545026.0,1302,1999.03.17,0.31767999999999996,0.2683175,1.497555,0.90625,0.85960421875
7773402148.0,1306,1993.07.29,0.28173000000000004,0.31561249999999996,0.827435,0.896551724137931,0.9144032758620689
3992294106.0,3306,2000.10.19,0.2511825,0.25023249999999997,0.909475,0.9322033898305084,0.9383406779661017
3104691842.0,3305,1973.09.29,0.30926750000000003,0.2711525,1.03579,0.8867924528301887,0.8827407547169812
2320805823.0,1307,1996.02.19,0.3187675,0.4034575,1.004795,0.7547169811320755,0.7535408490566038
2012046787.0,3301,1992.09.07,0.280265,0.2961825,0.83524,0.8939393939393939,0.9114139393939393
4303263022.0,2306,2000.01.27,0.26153499999999996,0.262375,0.7941849999999999,0.8923076923076924,0.9144723846153846
7246066624.0,3308,1993.01.18,0.2701075,0.27024499999999996,0.7849175,0.8285714285714286,0.8654427142857143
4749998163.0,3307,1999.12.11,0.3115075,0.29820500000000005,0.81493,0.9701492537313433,0.9756737313432836
4322150497.0,2001,1999.09.07,0.2685875,0.30921750000000003,0.843385,0.9090909090909091,0.9233286363636364
1429979437.0,1310,1991.07.04,0.26915,0.2721875,0.8032175,0.90625,0.924698359375
8142120721.0,3004,2001.04.12,0.25,0.2595,0.78,0.9393939393939394,0.9527272727272728
6775156085.0,2309,1972.05.12,0.26643,0.31192,1.2909,0.9736842105263158,0.966028947368421
3414396942.0,1309,1998.03.24,0.279115,0.28608999999999996,0.699315,0.881578947368421,0.9171863815789474
3299047191.0,2307,1999.03.13,0.272,0.2655,0.734,0.9305555555555556,0.9490277777777778
7938924236.0,3311,2000.06.06,0.26102749999999997,0.25421249999999995,0.78238,0.8591549295774648,0.8898056338028169
2889394922.0,3312,1999.07.20,0.2435675,0.31999500000000003,0.738925,0.9054054054054054,0.9301016891891891
3350694101.0,2312,1999.11.03,0.322745,0.3563625,0.90626,0.8947368421052632,0.9046042105263158
1770064655.0,3313,1999.05.14,0.2865,0.3035,0.946,0.8793103448275862,0.8858275862068965
3684220778.0,1312,1999.08.10,0.220775,0.26799,0.7578875,0.8405797101449275,0.8791773550724638
6488867689.0,1313,2000.10.07,0.3067525,0.37946749999999996,1.079045,0.8536585365853658,0.8420909756097561
4980220366.0,2315,2001.03.28,0.2763025,0.2905525,0.7703800000000001,0.8852459016393442,0.911595737704918
9325868205.0,2314,1997.11.05,0.262,0.3,0.9255,0.9811320754716981,0.9825377358490566
2315175892.0,1315,2000.06.20,0.26971,0.25399499999999997,1.0236975,0.9473684210526315,0.9461211842105263
7305847415.0,2308,1999.11.24,0.3148325,0.28603,1.1114575000000002,0.92,0.9110834
3913493489.0,1317,1974.10.25,0.3626325,,1.15334,0.8666666666666667,0.8462213333333334
2502658304.0,1316,1995.06.02,0.27669750000000004,0.2543375,1.0046525,0.8076923076923077,0.8067975961538462
4468373687.0,2303,1996.06.12,0.3013575,0.2638325,0.87809,0.9107142857142857,0.9215991071428571
8571348042.0,3006,2001.05.03,0.28715250000000003,0.30960750000000004,0.896565,0.9344262295081968,0.9412088524590164
3790688933.0,2311,2000.05.01,0.2845,0.2215,1.0310000000000001,0.9803921568627451,0.9797843137254901
4194969032.0,1320,2000.05.22,0.2810425,0.28223,0.809075,0.9402985074626866,0.9516970149253732
1698093477.0,2030,2000.02.28,0.27849999999999997,,0.995,0.9423076923076923,0.9425961538461538
4452215909.0,3320,2001.02.18,0.29698,0.2979775,0.84261,0.9047619047619048,0.9197514285714286
3287091239.0,2318,2000.04.03,0.31144249999999996,0.29021,1.01489,0.9591836734693877,0.9585759183673469
8360218435.0,3319,2000.04.15,0.38715,0.3434,1.1516,0.8541666666666666,0.8320583333333333
3448227889.0,3321,1997.03.08,0.25185,0.34726250000000003,0.677435,0.891566265060241,0.9265431927710843
4293059834.0,2321,1999.11.01,0.3034625,0.33777999999999997,1.098185,0.9565217391304348,0.9522528260869566
8759949864.0,2320,2000.02.28,0.3305,,0.774,0.8611111111111112,0.8925000000000001
1631202412.0,1322,1999.10.22,0.27578,0.28452500000000003,0.824715,0.9206349206349206,0.9345464285714286
1854085533.0,3005,2000.09.06,0.28632749999999996,0.3143875,0.8063024999999999,0.9565217391304348,0.9649433695652174
5261781562.0,3322,2001.03.17,0.2983325,0.26917,0.59453,0.75,0.8513675
1411602561.0,3303,1999.02.08,0.2589325,0.26796,0.7680625000000001,0.8985507246376812,0.922080615942029
6054379505.0,2322,1998.08.25,0.336265,0.31378249999999996,0.805065,0.9558823529411765,0.9644824264705882
8732738151.0,1321,2000.12.11,0.354,,1.1015000000000001,0.9387755102040817,0.932561224489796
2927910025.0,1323,1998.10.02,0.29655,0.2895,0.8362,0.873015873015873,0.893815873015873
4693591925.0,3323,1979.09.11,0.286,0.271,0.911,0.9122807017543859,0.9200877192982455
4477557823.0,2323,2000.04.02,0.2881425,0.2525775,0.86476,0.9122807017543859,0.9241438596491227
9197798714.0,1324,2000.09.24,0.2740025,0.28032250000000003,0.8276675,0.9333333333333333,0.9448221666666666
8909017846.0,1318,2000.05.31,0.2628425,0.29285,0.784705,0.8970588235294118,0.9192215441176471
2420276891.0,3324,2000.03.11,0.2664375,,0.8482525,0.9375,0.94698421875
6270874921.0,2324,2000.12.24,0.27871250000000003,0.3015225,0.724735,0.9027777777777778,0.9295396527777777
4446209062.0,2326,1998.06.10,0.253,0.236,0.862,0.9016393442622951,0.9152131147540984
3990550409.0,3326,1999.07.08,0.3055,0.3245,0.889,0.8301886792452831,0.8490377358490566
2517317319.0,1328,1999.06.24,0.234705,0.2384575,1.13267,0.85,0.8300995
6470696432.0,2328,1989.01.28,0.3605,0.348,0.874,0.9272727272727272,0.9364363636363636
1154288789.0,3329,2000.12.07,0.2652375,0.24457,1.00132,0.9795918367346939,0.9795648979591837
4835966110.0,3316,1997.06.13,0.31228,0.26825,1.06408,0.8775510204081632,0.8697044897959183
4425181484.0,2003,2000.07.22,0.272,0.2675,0.831,0.9242424242424242,0.9370454545454545
7354575346.0,3330,1987.05.14,0.28082,0.29318,1.114575,0.8918918918918919,0.8795054054054054
1318314462.0,2331,1985.01.02,0.2804975,0.2496025,0.78962,0.9428571428571428,0.9548788571428571
6043737647.0,3331,1985.06.15,0.3515,0.3575,1.016,0.8823529411764706,0.8804705882352941
3579199114.0,1332,2000.06.04,0.272605,0.28702249999999996,0.914585,0.8888888888888888,0.8983794444444444
9692702128.0,2332,2000.04.12,0.343625,0.3485575,1.0108575,0.9166666666666666,0.915761875
2626938571.0,3332,2001.01.07,0.30261499999999997,0.3360025,0.88139,0.9180327868852459,0.9277549180327869
3762274129.0,1325,2000.10.18,0.2723775,0.306785,1.1106500000000001,0.9019607843137255,0.8911127450980392
2110454317.0,1327,1998.09.29,0.2465,0.2125,0.746,0.927536231884058,0.9459420289855073
5395290477.0,1331,1983.10.02,0.3144575,0.4018275,1.05188,0.8958333333333334,0.8904291666666667
7244985325.0,2327,,0.341865,0.26676999999999995,0.916335,0.8983050847457628,0.9068133898305085
5530444923.0,2333,1999.08.29,0.25672,0.27949,1.269665,0.9285714285714286,0.9093096428571429
9116040059.0,3325,2000.02.08,0.268535,0.255465,1.144765,0.9318181818181818,0.9219478409090909
2996376272.0,2330,1995.10.13,0.334545,0.3675475,0.99374,0.8909090909090909,0.8915919999999999
6017747129.0,1334,1999.10.29,0.29478499999999996,0.256965,0.864005,0.9661016949152542,0.9707116949152542
8538033312.0,1330,1984.06.14,0.2543075,0.3027475,0.9721175,0.9615384615384616,0.9626108653846154
2896982601.0,2334,1999.10.29,0.2728775,0.282265,0.8046925,0.9428571428571428,0.9540175714285715
6657241428.0,3334,2000.09.29,0.300835,0.284555,1.01024,0.9215686274509803,0.9207654901960783
8973536040.0,1329,1996.01.27,0.29977750000000003,0.2960575,0.85281,0.873015873015873,0.8917066666666666
6884542087.0,2335,1970.01.15,0.306,0.2705,1.119,0.9574468085106383,0.9523829787234043
6993454379.0,3335,1974.07.16,0.280845,0.2663725,1.0057175,1.0,1.0
9693159646.0,1336,1986.08.28,0.27954,0.2931075,0.95974,0.8653846153846154,0.8708042307692307
5800776698.0,2336,1996.05.29,0.2372525,0.26809,0.862425,0.921875,0.932623046875
5528263668.0,3336,1995.11.04,0.3028825,0.2738575,0.8293925,0.9122807017543859,0.9272462719298246
5576011688.0,3001,2000.07.20,0.26954,0.2848,0.80439,0.9242424242424242,0.9390613636363636
8871742164.0,3003,1999.12.15,0.2487225,0.25253749999999997,0.80251,0.921875,0.93730390625
1674323236.0,1308,1987.06.17,0.27496,0.283615,1.0144125000000002,0.875,0.8731984374999999
6282615196.0,1337,1983.04.17,0.330015,,0.900785,0.9152542372881356,0.9236622881355933
4299773378.0,3337,2000.10.31,0.25953000000000004,0.2583775,0.927695,0.8113207547169812,0.8249632075471698
5743015169.0,1338,,0.28164999999999996,0.2925725,0.8077099999999999,0.9473684210526315,0.957488947368421
7209729010.0,1201,1998.05.19,0.32130499999999995,0.27244999999999997,0.770925,0.9365079365079365,0.951052380952381
5042248925.0,2201,1999.03.30,0.27286750000000004,0.26885499999999996,0.81062,0.8507462686567164,0.8790119402985075
7695043095.0,2338,1999.01.28,0.2586075,0.27971250000000003,0.8072925,0.9552238805970149,0.9638525746268657
9354732337.0,3338,1998.03.11,0.3335,0.264,0.7885,0.9538461538461539,0.9636076923076924
6496762489.0,1339,1999.11.08,0.3045,0.292,0.757,0.9054054054054054,0.9283918918918919
8254710764.0,3204,1998.05.22,0.2915,0.275,0.7665,0.9041095890410958,0.9265
4981361341.0,2337,2000.03.06,0.2914575,0.2728025,1.068625,0.8653846153846154,0.8561466346153846
9761266226.0,1202,1997.06.03,0.25795250000000003,0.2670075,0.81218,0.9558823529411765,0.9641685294117648
7818397484.0,3205,1998.03.14,0.274235,0.252935,0.818235,0.8615384615384616,0.8867059230769231
3004645357.0,1205,1999.09.16,0.26839999999999997,0.2558,0.6951575,0.9743589743589743,0.9821754487179487
2409543805.0,2339,1985.05.21,0.3345,0.3025,1.347,0.918918918918919,0.8907837837837839
6508505745.0,2205,1996.08.25,0.29640500000000003,0.3088325,1.2677,0.9534883720930233,0.9410372093023256
6887196622.0,1206,1999.12.15,0.2707575,0.27912000000000003,1.0619425,0.875,0.8672571875
6322976763.0,1340,2001.04.02,0.24845250000000002,0.292315,0.99012,1.0,1.0
8252028024.0,3339,1995.08.07,0.28440750000000004,0.331925,0.825615,0.8793103448275862,0.9003568103448276
7827946061.0,2340,2000.11.07,0.3032,0.3774275,0.91247,0.8813559322033898,0.8917408474576272
6292359336.0,2002,1992.09.28,0.25366500000000003,0.27149999999999996,0.8427225,0.8813559322033898,0.9000159745762711
9654713520.0,3340,1999.10.28,0.3261925,0.283945,0.86354,0.8245614035087719,0.848501754385965
2398219031.0,1341,1999.07.01,0.25867249999999997,0.2434725,0.79356,0.8852459016393442,0.908935737704918
6888736387.0,3314,2001.03.19,0.23354,0.305095,0.7632975,0.8405797101449275,0.8783148913043478
8611394881.0,2341,,0.2662275,0.2940975,0.789935,0.9420289855072463,0.9542066666666666
9952808379.0,3206,1999.12.09,0.3118375,0.2923675,0.9795375,0.8727272727272727,0.8753315909090909
1257782605.0,3341,1990.12.24,0.30308999999999997,0.2526725,0.97387,0.9433962264150944,0.9448752830188679
8966883645.0,1335,1990.04.03,0.2543225,0.35594000000000003,0.9609775,0.9433962264150944,0.9456050471698113
4417078476.0,2310,1975.11.10,0.336,0.3115,1.09,0.78,0.7602
6421099890.0,1207,1998.01.21,0.25514499999999996,0.25744500000000003,0.774585,0.8714285714285714,0.9004105
6565236421.0,1343,1993.11.11,0.3345,0.311,0.933,0.9180327868852459,0.9235245901639344
6696111697.0,3317,2000.07.20,0.26078749999999995,0.2840825,0.8950975,0.9090909090909091,0.9186274999999999
7878077224.0,3342,1991.09.27,0.3365,0.274,1.056,0.8958333333333334,0.89
5422491892.0,1004,1997.06.08,0.2579,0.29685,0.7018,0.881578947368421,0.9168921052631579
5279632719.0,2343,1996.05.16,0.25565499999999997,0.26517500000000005,0.741095,0.9178082191780822,0.9390880821917809
5405472880.0,3343,2004.04.17,0.34641,0.34487500000000004,,,
1359735867.0,1344,,0.251665,0.2515925,0.9574825,0.8979591836734694,0.9022977040816327
1894736011.0,2344,1967.10.12,0.30352,0.33518749999999997,1.0904574999999999,0.8163265306122449,0.799711887755102
2280630516.0,3344,1996.03.08,0.354,0.281,0.987,0.8958333333333334,0.8971875
8095809533.0,1345,1997.03.27,0.29947,0.3010275,0.9257725,0.8852459016393442,0.8937638114754098
2249020215.0,3327,2000.08.08,0.26527999999999996,0.27016,0.8417749999999999,0.8787878787878788,0.8979666666666667
5626810135.0,2345,1983.08.30,0.29537,0.2702425,0.9308575,0.92,0.9255314
9386595785.0,1346,2001.03.04,0.32048750000000004,0.34705,0.86159,0.984375,0.98653765625
2345062139.0,3207,1999.06.21,0.2679375,0.247535,0.83071,0.8805970149253731,0.9008107462686568
3785732243.0,2202,1996.01.16,0.3500425,0.338575,1.04786,0.9056603773584906,0.901145283018868
5770329194.0,1208,1998.04.15,0.32036,0.260015,0.996585,0.9318181818181818,0.9320510227272727
3251133243.0,2346,1990.06.15,0.3225,0.301,0.977,0.9649122807017544,0.9657192982456141
8448279059.0,3346,1983.07.19,0.3105,0.27749999999999997,,0.9166666666666666,0.8347083333333333
5249621401.0,1347,1971.04.15,0.3298875,0.32084999999999997,1.23056,0.9318181818181818,0.9160981818181817
8371748802.0,2347,1999.09.27,0.2689775,0.31060750000000004,0.696925,0.9,0.9303075000000001
8540076049.0,3347,,0.288,0.2435,0.889,0.9482758620689655,0.9540172413793103
4522925811.0,1348,1979.10.28,0.25453000000000003,0.2370475,1.154835,0.8541666666666666,0.8315865625
1208956820.0,2208,1999.04.09,0.2601575,0.27265249999999996,1.046235,0.9583333333333334,0.956406875
5869680666.0,3203,1999.04.15,0.3191125,0.303515,0.71141,0.8441558441558441,0.8891309090909091
6894759409.0,3348,1999.06.20,0.2710925,0.2733825,0.74581,0.8783783783783784,0.9092933783783784
4880437022.0,2316,1986.06.12,0.2670425,0.2636525,0.791495,0.9130434782608695,0.9311743478260869
5647713486.0,1349,2000.06.28,0.2705,0.1985,0.9835,0.9122807017543859,0.9137280701754386
3493907091.0,2206,1999.05.26,0.29532,0.4024575,0.996765,0.9090909090909091,0.909385
7196637675.0,2325,1996.12.07,0.29241249999999996,0.2970275,1.29287,0.8333333333333334,0.7845216666666668
9368660777.0,2349,1999.03.19,0.25218,0.32269749999999997,0.931875,0.8867924528301887,0.8945047169811321
1208854189.0,3349,2000.04.25,0.30588499999999996,0.2906325,0.99036,0.8909090909090909,0.8919607272727272
4792082665.0,1350,1975.02.07,0.3548475,0.32062749999999995,1.027045,0.8666666666666667,0.8630606666666667
1477081721.0,2305,2000.09.13,0.2857075,0.30442,0.8436025,0.9538461538461539,0.9610645
5602120722.0,2350,1968.04.27,0.3057525,0.287405,0.98114,0.8541666666666666,0.8569170833333333
4607876541.0,3209,2000.04.11,0.24191000000000001,0.23981249999999998,0.910095,0.9661016949152542,0.9691493220338983
7701287640.0,3350,1999.12.27,0.28614249999999997,0.295545,1.3706875,0.8648648648648649,0.8147719594594596
4229206176.0,3351,1999.12.06,0.28459999999999996,0.26685749999999997,0.7088025,0.9090909090909091,0.9355634090909091
3587586566.0,3201,2000.04.20,0.2569825,0.256245,0.8296399999999999,0.8181818181818182,0.8491563636363637
8107800901.0,2351,1970.11.12,0.32553,0.3035725,0.875765,0.9365079365079365,0.944395873015873
6511887158.0,1352,1997.09.13,0.28713,0.245595,1.1127224999999998,0.7555555555555555,0.7280011666666667
2804051631.0,2352,1992.12.05,0.3189025,0.31254000000000004,0.798915,0.9242424242424242,0.9394761363636364
7835855059.0,3352,1999.08.23,0.2955,0.2965,0.941,0.8703703703703703,0.8780185185185185
2999700572.0,3208,1973.02.01,0.28102000000000005,0.3119875,1.34451,0.8378378378378378,0.7819713513513513
5942719382.0,1353,1999.10.27,0.3035975,0.276305,0.801255,0.8769230769230769,0.901384
5334697921.0,2353,1982.07.15,0.4,0.268,1.79,0.9629629629629629,0.9337037037037036
3760922172.0,2210,1999.09.11,0.313755,0.3520225,0.761075,0.9,0.9238925
5515175203.0,2204,1998.10.29,0.30655,0.27904249999999997,0.955995,0.9298245614035088,0.9329126315789473
8684034424.0,1203,1999.01.05,0.304035,0.2827225,1.018795,0.9245283018867925,0.9231098113207548
9918326816.0,1354,2000.11.02,0.3345,0.3395,0.975,0.8545454545454545,0.8581818181818182
5239233359.0,1211,1998.08.09,0.2549875,0.3502225,0.7505625,0.9295774647887324,0.9471434859154929
4477042063.0,3309,,0.308805,0.323275,0.823165,0.9076923076923077,0.9240155384615385
6912164611.0,2211,1998.09.29,0.2596675,0.29435500000000003,1.15085,0.9069767441860465,0.8929441860465116
4178013323.0,2354,1988.04.04,0.2903475,0.315305,1.01648,0.9183673469387755,0.9170220408163265
4927967922.0,3211,2000.02.23,0.25734,0.279555,0.736635,0.9285714285714286,0.9473832142857143
5340239673.0,3354,1981.12.05,0.25599249999999996,0.2883175,1.005455,0.9,0.8994545
8723086412.0,1355,2000.04.26,0.32033500000000004,0.31218999999999997,1.11039,0.92,0.9111688
3108973896.0,2355,2002.04.20,0.2902525,0.2861625,0.9053325000000001,0.9642857142857143,0.9676666964285714
2766815202.0,3355,1984.10.14,0.2677475,0.2613725,0.8717649999999999,0.90625,0.91827203125
1408395150.0,1356,1982.09.29,0.4054025,0.4041125,1.139105,0.9534883720930233,0.9470183720930233
5307366469.0,2004,1998.11.13,0.3025,0.2705,0.812,0.9384615384615385,0.9500307692307692
2845020445.0,2342,1953.09.01,0.399,0.3365,,0.8235294117647058,0.4398823529411764
4375915378.0,2356,1993.07.10,0.286215,0.28769,0.85654,0.8769230769230769,0.8945796923076923
8420395164.0,3353,1996.10.21,0.27066,0.24245499999999998,0.94632,0.8392857142857143,0.8479128571428571
4876518725.0,1005,2000.04.11,0.28615999999999997,0.3207875,0.868545,0.9523809523809523,0.9586407142857143
3840202660.0,1357,1989.09.26,0.2672675,0.28914249999999997,0.877035,0.95,0.9561482499999999
1325549701.0,1210,2000.02.17,0.248995,0.2710175,0.7783625000000001,0.9552238805970149,0.9651479477611941
2588029869.0,2357,1958.08.15,0.3776075,0.31554499999999996,0.91996,0.8113207547169812,0.826422641509434
7342659216.0,1314,1995.09.20,0.2855,0.2835,0.9864999999999999,0.8518518518518519,0.8538518518518519
8948155832.0,1358,1981.08.10,0.366575,0.3364775,0.9160925,0.8888888888888888,0.8982119444444444
6374345168.0,3357,2010.01.17,0.4625,0.462,1.236,0.9285714285714286,0.9117142857142857
5939264008.0,2358,1993.03.24,0.33870750000000005,0.3454775,0.9515675,0.9259259259259259,0.9295135185185185
2331044594.0,1212,1998.04.07,0.2715675,0.30097,0.82976,0.8548387096774194,0.8795509677419355
3240376970.0,2212,2003.05.24,0.272825,0.2778925,0.9520124999999999,0.9122807017543859,0.9164901315789473
1184650776.0,2005,1999.03.22,0.2885,0.2555,0.7,0.9090909090909091,0.9363636363636363
2057683388.0,3302,,0.37185,0.331,1.0795,0.9375,0.93253125
3795718304.0,1359,1994.01.24,0.30051,0.3072275,0.7882825,0.9090909090909091,0.9283379545454545
2261608024.0,2359,1997.07.09,0.3719925,0.32027,0.806585,0.8852459016393442,0.9074410655737705
7216519519.0,3356,2000.01.13,0.292,0.278,1.01,0.7619047619047619,0.7595238095238095
6926279993.0,3359,2000.02.17,0.28244,0.29400499999999996,0.9645025,0.9230769230769231,0.9258075
6352497592.0,2360,1981.05.27,0.2627875,0.3229425,1.047715,0.9803921568627451,0.9794565686274509
9642620356.0,1360,1999.01.22,0.289975,0.288095,0.9133575,0.9310344827586207,0.9370098275862069
8414081145.0,3333,2000.08.19,0.2715,0.292,1.034,0.9583333333333334,0.9569166666666667
6974882162.0,3360,1982.09.04,0.27363499999999996,0.28595499999999996,0.836815,0.9701492537313433,0.975020447761194
9149255320.0,1361,1999.09.11,0.297475,0.318665,0.81131,0.8524590163934426,0.8802985245901639
6534154502.0,2361,2001.04.23,0.2618925,0.28815250000000003,1.00249,0.9591836734693877,0.9590820408163265
1239853218.0,1362,2001.02.13,0.30495,0.3048,1.0807,0.9423076923076923,0.937651923076923
8050119692.0,3361,1972.02.27,0.28707,0.337665,1.2217975,0.9767441860465116,0.9715861046511627
5098239014.0,1351,1992.02.28,0.34014,0.35317,1.0037125,0.8679245283018868,0.8674341981132075
5067477892.0,2362,1996.12.21,0.2752675,0.299985,0.970855,0.9607843137254902,0.9619272549019608
3879951487.0,3362,2000.02.24,0.3185,0.305,0.839,0.953125,0.960671875
7343042820.0,2006,1999.02.15,0.259255,0.27407,0.71604,0.9240506329113924,0.9456172151898734
1637197218.0,1363,1990.12.28,0.27604249999999997,0.277115,0.749835,0.92,0.9400132
9003669989.0,2363,1972.06.15,0.32082,0.29154,1.04319,0.75,0.7392025
4783201039.0,3363,2000.10.01,0.28290000000000004,0.24059999999999998,1.1672,0.9591836734693877,0.9523591836734693
5760168904.0,1364,1995.07.15,0.24774000000000002,0.33470750000000005,,,
3731596885.0,2364,1978.11.28,0.3425,0.2384,0.9711,0.82,0.825202
5790259707.0,3364,1979.03.14,0.30335999999999996,0.31876499999999997,0.7495425,0.8115942028985508,0.858781847826087
6609545166.0,3202,1999.12.17,0.27544250000000003,0.28869500000000003,0.8719399999999999,0.8888888888888888,0.9031177777777777
8260482155.0,DAMI3,,,,,,
8124782945.0,3212,1999.08.08,0.26308750000000003,0.2863525,0.812785,0.8805970149253731,0.9029510447761194
5605018084.0,DAMI9,,0.4383725,0.38828,0.926705,0.7954545454545454,0.8104467045454545
6411134156.0,19,,0.35931749999999996,0.3293525,0.9664874999999999,0.8095238095238095,0.8159071428571429
2833064780.0,1365,2000.03.12,0.2906725,0.31195,0.888405,0.9322033898305084,0.9397691525423728
7640610085.0,1213,1995.06.17,0.28398500000000004,0.23602499999999998,0.6251075,0.8666666666666667,0.9166523333333334
5397703036.0,2365,1997.09.28,0.28634,0.2511875,1.05724,0.875,0.867845
6547361206.0,2213,2000.03.29,0.293,0.2995,0.829,0.8428571428571429,0.8697285714285714
2755208107.0,1209,1966.10.10,0.28573499999999996,0.270705,1.1335925,0.9583333333333334,0.9527669791666667
7034833084.0,1366,1999.11.05,0.3115,0.303,0.8109999999999999,0.9393939393939394,0.9508484848484849
6588285680.0,2366,1983.06.13,0.302,0.2845,1.046,0.803921568627451,0.7949019607843137
8181333660.0,3213,2000.08.10,0.2687575,0.32208749999999997,0.784055,0.7761194029850746,0.8244652985074628
1603140181.0,3366,,0.25029,0.24930750000000002,0.77711,0.9,0.922289
9786285697.0,2367,1981.06.24,0.3389525,0.26913750000000003,0.832495,0.9375,0.9479690625
7758304546.0,1367,1996.07.02,0.290485,0.3370575,0.74908,0.9324324324324325,0.9493864864864865
4234334298.0,3367,1999.04.23,0.3000575,0.29803250000000003,0.782165,0.9076923076923077,0.9278001538461539
3600490071.0,1204,1999.08.04,0.2774375,0.24595,0.865945,0.8888888888888888,0.9037838888888888
9288151319.0,2368,2000.09.14,0.2732375,0.2766975,0.86663,0.9122807017543859,0.9239798245614035
8206718574.0,1369,1988.10.01,0.2458725,0.2966875,0.7830900000000001,0.8484848484848485,0.88135
3295068023.0,3368,1990.02.02,0.2356375,0.3031025,1.04208,0.8936170212765957,0.8891404255319149
9351087473.0,2313,1999.02.03,0.2692275,0.292205,0.8919075,0.9152542372881356,0.9244146186440678
9509243439.0,2369,1996.02.07,0.26953499999999997,0.222385,0.9280625,0.9473684210526315,0.9511546052631579
9185880480.0,3369,1978.04.19,0.329,0.2855,0.9804999999999999,0.9387755102040817,0.9399693877551021
6315066276.0,1368,2000.12.13,0.285,0.285,0.836,0.9107142857142857,0.9253571428571429
9057113791.0,1370,1984.04.12,0.3135,0.34,,,
4851718874.0,2370,2000.02.18,0.29205000000000003,0.46676249999999997,0.79855,0.9420289855072463,0.9537072463768116
9389220326.0,3370,1999.06.25,0.269565,0.2557525,0.85403,0.9344262295081968,0.9439980327868853
1228528593.0,1342,,0.23648750000000002,0.2640325,0.9826025,0.9122807017543859,0.913806798245614
2339344127.0,2371,2001.01.31,0.2736,0.25625,0.7765,0.9264705882352942,0.942904411764706
3369102342.0,3007,1998.01.19,0.2683775,0.23487750000000002,0.91816,0.9827586206896551,0.9841696551724137
3648550262.0,3371,2000.12.06,0.25200500000000003,0.381155,0.86832,0.8461538461538461,0.8664123076923077
7169362108.0,3328,,0.28812000000000004,0.294905,0.75377,0.9315068493150684,0.9483719178082192
4898322948.0,1372,1982.01.19,0.28161749999999997,0.2928675,1.5736,0.875,0.8033
5772575361.0,2372,2001.03.24,0.254155,0.3223275,0.77438,0.8714285714285714,0.9004368571428571
7749372469.0,1373,1987.10.01,0.281185,0.2739975,1.067205,0.8431372549019608,0.8325952941176471
6930218876.0,2373,2000.10.13,0.2420975,0.254185,0.71272,0.9402985074626866,0.957449552238806
9131762813.0,3373,1992.12.28,0.278,0.2745,1.119,0.9111111111111111,0.9005333333333333
5924266060.0,1374,2000.05.21,0.32642,0.26617,0.84879,0.9365079365079365,0.9461085714285714
7288004948.0,2374,2000.04.27,0.31275,0.29493250000000004,0.98985,0.8653846153846154,0.8667509615384615
4080005832.0,1375,1999.10.03,0.25070000000000003,0.2561025,0.8809275,0.7931034482758621,0.8177391379310345
7563496348.0,1371,2000.05.28,0.22388249999999998,0.235845,0.743415,0.8513513513513513,0.8894923648648648
3761336039.0,2375,2000.12.18,0.277145,,0.9325924999999999,0.9090909090909091,0.9152188636363636
8184964396.0,1376,,0.2584975,0.2499725,0.8607,0.9166666666666666,0.928275
6575503477.0,3375,2000.08.18,0.3083,0.2687,0.87266,0.8032786885245902,0.8283291803278688
7182623954.0,2376,1985.07.26,0.24491,0.2285125,1.414345,0.9459459459459459,0.9235489189189189
8133387551.0,3376,,0.45398000000000005,0.3457625,1.3229825000000002,0.8780487804878049,0.8386606707317072
4983729413.0,3365,1999.03.05,0.258645,0.31986000000000003,1.198935,1.0,1.0
4362645588.0,1377,1995.09.24,0.233325,0.2403775,0.8169275,0.9411764705882353,0.9519454411764706
3537617358.0,2214,1999.03.22,0.2686425,0.2678075,0.77959,0.9166666666666666,0.9350341666666666
8276213226.0,3372,1977.09.09,0.34208000000000005,0.29381,1.243765,0.9090909090909091,0.8869304545454545
9672559607.0,2377,2002.02.12,0.25934,0.2646625,0.826785,0.8769230769230769,0.8982418461538462
8711179707.0,2203,1998.06.29,0.2626075,0.2876825,1.04727,0.8545454545454545,0.8476698181818181
8201620604.0,3318,2000.11.22,0.3105,0.323,,,
2386576607.0,3377,2001.05.25,0.3085675,0.30279999999999996,,,
2875858034.0,1378,2000.01.30,0.267435,0.280025,,,
7029372251.0,1006,2000.03.13,0.2561325,0.26686,0.91646,0.9137931034482759,0.920994827586207
1756410449.0,2007,1998.05.19,0.25062,0.25973999999999997,1.06571,0.8958333333333334,0.8889885416666667
1987780396.0,2378,2000.11.06,0.29173499999999997,0.27456250000000004,0.85221,0.9508196721311475,0.9580880327868851
4104271708.0,3379,1999.11.27,0.27988749999999996,0.2588725,,1.0,1.0
2676258806.0,3378,1999.08.19,0.2580325,0.30188499999999996,1.215245,0.9111111111111111,0.8919782222222222
8556305972.0,3214,1999.12.16,0.2433175,0.26495250000000004,0.8022425,0.8656716417910447,0.8922360820895522
6031021641.0,7519,1977.09.22,0.362,0.389,0.898,0.9032258064516129,0.9130967741935484
3256094768.0,2207,1997.12.16,0.30012,0.28210999999999997,0.9544575,0.9411764705882353,0.9438554411764706
3484076513.0,2317,2000.08.10,0.28573499999999996,0.2925275,1.0303225,0.9259259259259259,0.9236798148148149
9907396301.0,2380,1995.10.17,0.309905,0.2851025,1.1041,0.9361702127659575,0.9295255319148936
8122816085.0,1380,1986.07.31,0.32562,0.3188025,0.8328225,0.8771929824561403,0.8977235526315789
5735503330.0,DAMI17,,0.404835,0.27144250000000003,0.9702075,0.9411764705882353,0.9429289705882353
3786058885.0,DAMI5,,0.2707975,0.309025,0.9674674999999999,0.9433962264150944,0.9452376886792453
5844810030.0,DAMI2,,,,1.37556,1.0,1.0
8746124861.0,1215,1998.01.28,0.2536475,0.2757075,,,
3191994539.0,2329,1995.02.07,0.3183925,0.2791825,1.045385,0.9148936170212766,0.9110310638297873
8217240410.0,1319,1999.09.06,0.349,0.336,0.94,0.8947368421052632,0.9010526315789473
9103108582.0,1381,2001.05.22,0.29441,0.274695,0.982245,0.9111111111111111,0.9126893333333334
5216891251.0,3381,1992.05.16,0.2477675,0.2956375,0.937665,0.8448275862068966,0.8545002586206897
9575188930.0,2381,1996.06.12,0.3202225,0.3318875,1.15507,0.975,0.97112325
5711126394.0,3358,1977.07.04,0.332,0.303,,,
5938363343.0,1382,1976.01.13,0.33047499999999996,0.33199500000000004,0.9939575,0.8627450980392157,0.8635744607843138
7120218107.0,3210,1999.01.05,0.303915,0.281075,0.9068425,0.847457627118644,0.8616680932203389
3287516183.0,1918,1992.02.16,0.28002249999999995,0.2590075,0.9578725,0.9019607843137255,0.906090931372549
1513216885.0,200,1978.07.03,0.3105475,0.34411749999999997,0.799455,0.9402985074626866,0.9522713432835821
2058066152.0,1383,1941.11.11,,,,0.8666666666666667,0.7513333333333334
9366696607.0,1214,1998.04.09,0.3055525,0.273905,0.837755,0.8615384615384616,0.8840031538461539
4156438140.0,1102,1989.12.26,0.2893325,0.453185,1.259065,0.9024390243902439,0.8771643902439025
5650182961.0,3101,1997.04.14,0.2859025,0.2923175,,,
4867880811.0,2103,1996.10.22,0.30343,0.31384,0.8450725,0.9142857142857143,0.9275652142857143
8364230471.0,2215,1999.07.05,0.2579225,0.271255,1.522175,1.0,1.0
1922501991.0,3103,1994.08.05,0.25015,0.27301,0.85558,0.9047619047619048,0.9185161904761905
4905044895.0,2102,1966.08.29,0.24722,0.39768499999999996,0.9675450000000001,0.8679245283018868,0.8722110377358491
3283489599.0,3102,1994.04.01,0.3515,0.3195,0.77,0.9027777777777778,0.925138888888889
7310872998.0,1103,1992.11.02,0.31213,0.3039775,0.76795,0.9545454545454546,0.9650931818181818
5295608112.0,5001,1960.10.12,0.3412425,0.33026,,,
9849821182.0,5002,1956.07.20,0.3916175,0.3894775,1.801955,0.8695652173913043,0.7649623913043477
3276339455.0,5003,1949.05.24,0.3778675,0.2659525,0.9544025,0.9615384615384616,0.9632922115384616
4842375335.0,5006,1994.12.15,0.2783875,0.260415,1.142595,0.8809523809523809,0.8639767857142857
2065187850.0,5005,1997.01.08,0.3021725,0.30363249999999997,0.933435,0.88,0.8879878
9325602562.0,5012,1993.09.12,0.30293499999999995,0.2983825,0.836585,0.9692307692307692,0.9742589230769231
7106728840.0,5008,1993.12.09,0.28424000000000005,0.2981875,0.76803,0.8656716417910447,0.8968317910447761
8654841727.0,5013,1995.03.20,0.2979,0.2693575,0.755055,0.9027777777777778,0.926591875
3492358379.0,5004,1963.04.26,0.2987875,0.29842,1.24835,0.8529411764705882,0.8164191176470588
4537308790.0,5016,1989.04.27,0.2879075,0.30889999999999995,0.7450950000000001,0.9333333333333333,0.950327
6482911446.0,5014,1999.05.07,0.2965,0.419,0.7685,0.8767123287671232,0.9052534246575342
5282414542.0,5022,1982.12.24,0.25500500000000004,0.2433025,0.8834525,0.9090909090909091,0.9196861363636364
2334190085.0,5033,1959.01.14,0.385,0.27849999999999997,1.428,0.8857142857142857,0.8368
8691875434.0,5063,1997.10.17,0.274915,0.38655,0.95894,0.9122807017543859,0.9158824561403508
1452300945.0,5091,1995.04.21,0.30242749999999996,0.3848025,0.9591924999999999,0.8727272727272727,0.8779209545454545
9011444207.0,DAMI12,2009.05.25,,,,,
4633610127.0,5044,1994.11.25,0.31574749999999996,0.3243525,1.279165,0.76,0.6930004
5952362798.0,5040,2003.03.11,0.29572750000000003,0.28746,1.18453,0.918918918918919,0.9039570270270271
2158580695.0,5085,1964.12.16,0.26807749999999997,0.242305,0.853145,0.921875,0.933348046875
5859218183.0,5034,1970.10.22,0.310395,0.2677925,1.18805,0.7878787878787878,0.7479893939393939
2818395796.0,5045,1999.06.28,0.311,0.3045,1.125,0.8292682926829268,0.8079268292682926
8842530769.0,555_10,2010.01.21,0.32443500000000003,0.34918,1.220035,0.9166666666666666,0.8983304166666666
9595399987.0,5102,1992.08.02,0.3185125,0.28593749999999996,0.74666,0.863013698630137,0.8977178082191781
7205370265.0,555_13,2008.04.17,0.4304925,0.44111,1.630525,0.9,0.8369475000000001
2671702419.0,555_04,2011.01.17,,0.40543,,,
2166715489.0,5103,1991.10.27,0.285,0.434,0.723,0.922077922077922,0.9436623376623376
6237482489.0,5015,2004.06.25,0.3211525,0.2658125,0.9384125,0.88,0.8873905
4688534131.0,5048,1970.10.22,0.286,0.319,0.893,0.873015873015873,0.8866031746031746
1418863261.0,5060,1990.03.28,0.305755,0.32326,0.76578,0.8783783783783784,0.9068645945945946
8484828061.0,5019,,0.3981425,0.41285249999999996,1.04098,0.8571428571428571,0.8512885714285714
8128679531.0,5088,1992.05.27,0.2675,0.268,1.109,0.94,0.93346
1207826601.0,5029,1997.06.20,0.27622749999999996,0.244965,0.771835,0.9420289855072463,0.9552559420289854
7536601042.0,5105,1966.03.14,0.4045,0.268,1.188,0.7954545454545454,0.7569999999999999
6798291560.0,5087,1974.10.26,0.3196375,0.31787,1.10717,0.8958333333333334,0.8846697916666667
8151044999.0,5093,1983.02.27,0.295,0.2695,0.7595000000000001,0.8767123287671232,0.90636301369863
3447546696.0,5038,1977.04.20,0.3678625,0.3374425,0.94792,0.9649122807017544,0.9667396491228071
9985366066.0,5111,1961.09.02,0.34386,0.32996749999999997,0.91249,0.8947368421052632,0.9039484210526316
5255816150.0,5086,1993.09.03,0.3120225,0.2877275,1.5172775,0.9696969696969697,0.954021893939394
9048107408.0,5039,2003.07.02,0.29991500000000004,0.25839,0.766965,0.8904109589041096,0.9159490410958904
5703761906.0,5101,1967.02.21,0.28698,0.3169625,1.3519575,0.8717948717948718,0.8266721153846154
9938024107.0,5055,1970.07.06,0.3263,0.31027499999999997,,0.88,0.7822708
3666384618.0,5106,1971.12.13,0.322,0.305,0.681,0.9625,0.9744625
3202189022.0,5108,2002.09.12,0.2699125,0.267345,0.7383325000000001,0.8533333333333334,0.8917112333333334
2532003732.0,5056,1974.08.26,0.2727175,0.257585,0.984985,0.9444444444444444,0.9452786111111111
8631619635.0,5047,1981.04.07,0.300165,0.21719,0.934015,0.95,0.9532992499999999
5288321607.0,5107,1994.11.05,0.318,0.254,0.683,0.8902439024390244,0.9250365853658536
9575174149.0,5109,1965.11.27,0.32062250000000003,0.30891749999999996,1.16891,0.9183673469387755,0.9045787755102042
6688029489.0,5061,1972.05.18,0.306255,0.27801750000000003,,,
3115079496.0,5075,1954.06.22,,0.326,1.205,0.85,0.8192499999999999
8016105849.0,5024,1998.05.29,0.30896500000000005,0.2982225,0.8151474999999999,0.8955223880597015,0.9148353358208956
7988536264.0,5066,,0.3015,0.285,1.0259999999999998,0.8076923076923077,0.8026923076923078
3590389849.0,555511,2008.12.16,,,,,
9940149652.0,5099,1996.10.22,0.2972725,0.248355,1.0204975,0.9615384615384616,0.9607500961538462
2633038257.0,5065,1986.02.11,0.32747499999999996,0.285455,0.7722275000000001,0.8767123287671232,0.9047938698630137
3266286469.0,5018,1991.10.05,0.2992625,0.34333749999999996,1.18999,0.9772727272727273,0.9729547727272727
9379496378.0,5023,1951.10.06,0.303945,0.2701475,0.8998325,0.8214285714285714,0.839315625
1752855217.0,5114,,0.3605,0.303,1.2585000000000002,0.8571428571428571,0.8202142857142856
9607226026.0,5054,2003.05.14,0.23483500000000002,0.2373325,0.676625,0.875,0.915421875
9657412887.0,5025,1952.01.18,0.3518125,0.31662250000000003,,,
1792079541.0,16,2008.06.20,0.3611025,0.3905675,1.096715,0.9767441860465116,0.974495
7633048104.0,6217,,0.3318225,,1.24316,0.9069767441860465,0.8843572093023255
9443661381.0,6226,,0.43877,0.39124250000000005,,,
4547017180.0,6225,,0.3537525,0.40051000000000003,,,
1365815595.0,5098,1967.08.29,0.302,0.3,0.869,0.9016393442622951,0.9145245901639344
6118598685.0,5095,1995.07.04,0.30122499999999997,0.29088,0.7669874999999999,0.9295774647887324,0.9459867957746478
4642149677.0,5096,1966.08.08,0.2858225,0.288245,1.072455,0.8666666666666667,0.857006
2677061973.0,5057,1962.04.18,0.314,0.301,1.21,0.8723404255319149,0.8455319148936171
8308429792.0,2101,1995.12.04,0.28458249999999996,0.2878675,0.863155,0.8620689655172413,0.8809441379310344
6327716607.0,5077,1990.12.28,0.3004575,0.2679775,0.9098025000000001,0.9354838709677419,0.941303064516129
4171699679.0,5037,,0.3353875,0.28923,0.82548,0.9682539682539683,0.9737942857142857
2343385576.0,5059,1962.03.10,0.3325,0.288,1.0630000000000002,0.88,0.87244
9409620022.0,5021,1966.09.14,0.3064875,0.27527500000000005,1.09438,0.8936170212765957,0.8835765957446808
9662669265.0,5062,1968.02.21,0.3249225,0.28674999999999995,0.8299025,0.96875,0.974065546875
2137924107.0,5064,1967.12.15,0.32069749999999997,0.29201,0.7596350000000001,0.8732394366197183,0.9037082394366197
5110496073.0,5031,1963.09.12,0.353205,0.28447,1.12845,0.8695652173913043,0.8528108695652173
9743187166.0,5032,1963.05.13,0.3495,0.3285,1.459,0.8571428571428571,0.7915714285714285
1401299412.0,5083,1966.10.05,0.3581225,0.2592875,1.136,0.8478260869565217,0.8271304347826087
2694162211.0,5080,1964.12.06,0.2935,0.3385,0.847,0.8939393939393939,0.9101666666666667
5318350257.0,5100,2004.12.21,0.2661075,0.272895,1.10766,0.8958333333333334,0.88461875
1117962750.0,5116,1968.01.03,0.334795,0.327685,,0.9523809523809523,0.8736930952380951
9192493745.0,5112,1987.07.20,0.26682,,0.8411599999999999,0.9152542372881356,0.9287152542372882
4937098380.0,5046,1956.08.02,0.263,0.1785,0.922,0.9482758620689655,0.9523103448275863
9660841655.0,5067,1975.05.21,0.4553425,0.3366625,1.0858975,0.84,0.8262564
8351567164.0,5068,1974.08.02,0.364,0.325,1.076,0.9,0.8924
8418199283.0,5084,1997.05.25,0.30145,0.2849525,0.915265,0.9206349206349206,0.9273599206349206
6345461918.0,5030,2002.05.14,0.2484325,0.2408225,0.7228625,0.9066666666666666,0.9325328333333333
1446292761.0,5050,1997.04.16,0.29254,0.27390749999999997,1.363885,0.7631578947368421,0.676974605263158
2974892762.0,5081,1965.10.02,0.4075,0.256,0.886,0.9375,0.944625
8071677373.0,5076,1996.12.23,,,1.217,0.875,0.8478749999999999
7248753814.0,5058,1970.04.20,0.28785249999999996,0.28797,0.94676,0.8888888888888888,0.8948044444444444
1995413135.0,5119,1992.11.09,0.3212925,0.30106,0.7975,0.835820895522388,0.8690671641791045
7563202300.0,6214,,0.41324,0.3391225,1.09589,0.8958333333333334,0.8858447916666667
6477041174.0,6242,,0.342095,0.32260500000000003,1.600995,0.8857142857142857,0.8170291428571428
4197784481.0,6215,,0.3368,0.334485,1.194815,0.918918918918919,0.9031231081081081
5852377123.0,5094,1996.01.28,0.3115,0.285,0.8514999999999999,0.9090909090909091,0.922590909090909
1828053485.0,5120,1998.02.06,0.29093250000000004,0.2844675,1.2032375,0.9285714285714286,0.9140544642857144
7910091472.0,5073,1998.04.19,0.32860999999999996,0.247975,0.73411,0.9078947368421053,0.9323846052631579
3151374084.0,5051,1971.09.22,0.31738999999999995,0.27026,0.975895,0.8431372549019608,0.8469184313725491
2157048468.0,5117,1989.08.14,0.303,0.2655,0.895,0.9814814814814815,0.9834259259259259
4470751728.0,5078,1996.12.10,0.339055,0.3057075,0.88734,0.8833333333333333,0.896477
2386681720.0,5092,1997.02.15,0.2615,0.2735575,0.78933,0.9242424242424242,0.9402022727272727
5175800201.0,5036,,0.3202225,0.3767325,1.06224,0.8958333333333334,0.8893500000000001
8728682003.0,5072,,0.253145,0.3039925,0.659655,0.9146341463414634,0.9436879878048781
7767307863.0,6,2005.10.06,,,1.3319,0.78125,0.708646875
9505006633.0,7,2007.06.27,0.34184000000000003,0.321345,0.7405425,0.8985507246376812,0.9248725
1318628849.0,6207,,0.3437,0.369685,1.5585049999999998,0.7692307692307693,0.6403450000000002
3040220216.0,6240,,0.307005,0.3260425,1.2888,0.8918918918918919,0.8606702702702702
5010479227.0,6204,,0.437045,,,0.8518518518518519,0.7180814814814815
8409051129.0,6203,,0.36956,0.3413125,,,
4561792916.0,6241,,0.3285175,0.3434725,1.585475,0.875,0.801815625
8670783468.0,6231,,0.2902375,0.2758,,,
3490451977.0,5042,1969.04.23,0.36031,0.40647750000000005,1.119795,0.8636363636363636,0.8473006818181819
9799300734.0,5035,1971.06.29,0.2937575,0.2684625,0.820275,0.9242424242424242,0.9378579545454545
4219155574.0,5090,1987.10.22,0.3420975,0.32309,0.8253825,0.9666666666666667,0.97248725
6012970387.0,5043,,0.349,0.3375,1.142,0.9591836734693877,0.9533877551020408
7905406189.0,5104,1993.11.22,0.3039775,0.262895,0.9139875,0.9841269841269841,0.9854922619047618
5973129862.0,5074,,0.3007875,0.34298249999999997,1.376185,0.92,0.8899052000000001
6016299041.0,6237,,0.336065,0.3784,1.11048,0.8775510204081632,0.8640228571428571
6531550524.0,6230,,0.299445,0.3302775,1.1955650000000002,0.8205128205128205,0.7854114102564101
7903937498.0,6239,,0.35560749999999997,0.352225,0.9714025,0.8421052631578947,0.8466206578947368
4497944572.0,6208,,0.350085,0.3999825,0.869975,0.8095238095238095,0.8342904761904761
5335673915.0,6205,,0.3100125,0.32001999999999997,1.0397525,0.782608695652174,0.7739668478260869
4849350928.0,6202,,0.35406,0.3535975,1.2535025,0.9302325581395349,0.9125463372093023
3652668369.0,5071,1946.12.31,0.30984999999999996,0.3193775,1.0542150000000001,0.8837209302325582,0.8774168604651162
3400103295.0,5020,1996.04.06,0.3575,0.28,0.7495,0.9315068493150684,0.9486643835616438
2488692709.0,5052,1991.10.28,0.289795,0.2601675,1.081975,0.9259259259259259,0.9198537037037037
9573000207.0,8,2008.08.27,,,,,
4865293640.0,6216,,0.331445,0.32108000000000003,0.918585,0.8035714285714286,0.8195636607142858
7829911310.0,6249,,0.30947749999999996,0.3154525,0.8943575,0.8928571428571429,0.9041759821428572
8584037927.0,5027,,0.33529,0.2840375,1.1153925,0.8837209302325582,0.8703031976744187
7831551803.0,6260,,0.31177999999999995,0.2990375,0.81804,0.8870967741935484,0.9076406451612903
1696507626.0,6259,,0.27127999999999997,0.2804225,0.937195,0.7894736842105263,0.8026957894736843
4800238844.0,6253,2007.05.14,0.28264750000000005,0.3008325,0.7572425,0.8571428571428571,0.8918225
5008126591.0,6247,2007.09.11,0.30779,0.307975,1.0467575,0.9615384615384616,0.9597400961538461
4308129548.0,6254,,0.289425,0.320065,1.0112625,0.9056603773584906,0.9045978773584906
4173577094.0,6258,,0.32272500000000004,0.3193025,0.991765,0.9230769230769231,0.9237103846153847
2815025200.0,6245,,0.32020000000000004,0.3467525,0.9944,0.8181818181818182,0.8192
7471228137.0,6250,,0.28837,0.31079999999999997,0.86258,0.8412698412698413,0.8630825396825397
7622922937.0,6261,,0.268295,0.2848325,1.03299,0.9,0.896701
5041544473.0,6246,,0.3436125,0.30915499999999996,0.962735,0.8032786885245902,0.8106095081967213
6319402937.0,18,2006.03.03,0.4487225,0.387685,,,
3717974961.0,5202,1998.03.03,0.2835,0.268,0.87,0.9104477611940298,0.922089552238806
9593621443.0,6262,,0.3312275,0.337505,1.1032000000000002,0.972972972972973,0.9701837837837839
5598472193.0,5201,1998.04.16,0.302045,0.2844975,1.12733,0.9375,0.929541875
9561292193.0,5206,1999.08.27,0.255805,0.323475,0.946955,0.8852459016393442,0.8913330327868852
6033671830.0,5207,1993.06.09,0.2588475,0.2928725,0.8654325,0.8923076923076924,0.906799576923077
8179132532.0,5203,1992.04.21,0.323625,0.296665,0.7407225,0.8493150684931506,0.8883842808219178
9459923416.0,5209,2004.05.18,0.2855,0.2895,0.91,0.9152542372881356,0.9228813559322033
6006618926.0,5210,1967.12.20,0.355025,0.27743249999999997,1.0276049999999999,0.9454545454545454,0.9439488181818182
2429752428.0,5200,1994.03.11,0.304505,0.32215000000000005,1.028005,0.8297872340425532,0.8250204255319149
8512320099.0,5211,2000.03.23,0.2575,0.244,0.976,0.9272727272727272,0.9290181818181817
6729367958.0,5213,1998.03.09,0.290155,0.2849225,0.741945,0.9577464788732394,0.9686502112676056
5331599589.0,5214,1998.05.10,0.299,0.2235,1.028,0.9615384615384616,0.9604615384615385
4875435969.0,5204,1992.02.07,0.3255375,0.33324,0.97533,0.8181818181818182,0.8226672727272728
2641798648.0,6135,2008.05.15,0.37315750000000003,0.33592999999999995,,,
4948224463.0,6114,2009.04.30,0.370315,0.3874875,,0.7647058823529411,0.47007882352941155
2611381000.0,6130,2009.február.8,0.31850999999999996,0.36893750000000003,,,
5414715255.0,6117,2009.12.05,0.34743999999999997,0.340595,1.1619675,0.8235294117647058,0.7949469117647059
8377226973.0,6115,2009.06.09,0.36993,0.38059750000000003,,,
7731057279.0,6134,2009.05.24,0.3395675,0.2565675,0.92374,0.9166666666666666,0.9230216666666666
1183799607.0,6132,2008.04.19,0.36426250000000004,0.28903999999999996,0.89829,0.8983050847457628,0.9086484745762712
6252528369.0,6137,2006.10.31,0.2887125,0.29450750000000003,0.794625,0.7794117647058824,0.8247150735294118
5484942475.0,6111,,0.47987250000000004,0.1395025,,,
9224601468.0,6112,2009.02.13,0.27139250000000004,0.24403750000000002,,,
7271017089.0,6133,2009.02.18,0.4159275,0.34653999999999996,0.83585,0.873015873015873,0.8938603174603175
4535984979.0,6131,2008.07.01,0.2650675,0.25551250000000003,0.94679,0.7954545454545454,0.806338409090909
3486963519.0,6138,2006.03.21,0.316465,0.28659749999999995,0.849825,0.859375,0.880493359375
6468538585.0,6113,2008.01.03,0.28518750000000004,0.27834749999999997,0.91399,0.9047619047619048,0.9129533333333333
2569617816.0,6140,2006.02.23,0.3449275,0.3179775,1.04908,0.9,0.895092
9573075927.0,6206,,0.41297,0.36609250000000004,1.57909,0.7575757575757576,0.617190303030303
2398625649.0,6213,,0.4066575,0.35497999999999996,,,
4728077860.0,6224,,0.38634999999999997,0.4021175,,,
2117210451.0,6120,2009.11.26,0.42908250000000003,0.3566675,,,
7183140039.0,6139,2006.06.12,0.4279525,0.32342499999999996,0.9774674999999999,0.8301886792452831,0.8340149528301888
2775224133.0,6128,2010.03.21,0.3526125,0.31804750000000004,0.907305,0.9016393442622951,0.9107568852459016
8060595283.0,6129,2009.06.21,0.299305,0.33340749999999997,1.14813,0.7551020408163265,0.7188253061224489
4873331540.0,6116,2010.08.06,0.3703575,0.415875,0.51462,0.7543859649122807,0.873602105263158
2137548591.0,6263,,0.396085,0.319655,0.941755,0.7843137254901961,0.7968763725490196
1456516737.0,6118,2009.07.17,0.3026625,0.359835,,,
4398024155.0,6251,2007.04.01,0.30932499999999996,0.433425,0.8718575,0.9180327868852459,0.9285362704918033
4555439275.0,20,2006.01.03,0.399835,0.31243,,,
6947114063.0,6136,2008.10.22,0.348295,0.351205,,,
8526008501.0,6103,2010.Május.20,0.4101375,0.39190250000000004,,,
5207704155.0,6127,2010.04.28,0.2981625,0.291485,1.469225,0.9696969696969697,0.9554780303030304
9973730137.0,6212,,0.33741,0.37832750000000004,,,
9829766894.0,6223,,0.3297675,0.3536875,1.07137,0.9387755102040817,0.934405918367347
3147898594.0,6221,,,,,,
2413800056.0,6236,,0.27666999999999997,0.2869575,0.99841,0.8909090909090909,0.8910825454545455
8740270725.0,6219,,0.36605750000000004,0.40414,1.512685,0.9142857142857143,0.8703412857142857
9439381687.0,5216,1996.09.16,0.41000000000000003,0.342,1.163,0.8913043478260869,0.8735869565217391
3084279882.0,6104,2010.03.24,0.34399500000000005,0.39107749999999997,1.185775,0.8863636363636364,0.8652528409090909
6723599779.0,6107,2011.06.10,0.4588025,0.38778749999999995,1.488235,0.8333333333333334,0.7519608333333334
5826585584.0,6209,2010.05.28,0.447,0.4135,1.2395,0.8095238095238095,0.7639047619047619
9424981101.0,MG100,1996.10.30,0.2744675,0.25484249999999997,0.6350374999999999,0.8636363636363636,0.9134039772727273
5751102317.0,5205,2000.10.14,0.29225999999999996,0.30603,0.90173,0.9516129032258065,0.9563679032258064
3817965465.0,BL104,1976.04.06,0.26897,0.3074125,1.1960549999999999,0.926829268292683,0.912483780487805
3841966257.0,BL105,1994.07.08,0.27164,0.24982,0.6124075,0.8936170212765957,0.9348502659574468
6945322252.0,BL106,1994.09.28,0.2669825,0.2543475,0.73641,0.9393939393939394,0.955369090909091
7933249523.0,BL112,1993.06.10,0.36922750000000004,0.319035,0.71978,0.9615384615384616,0.9723161538461539
2551382092.0,BL102,,0.445975,0.3237225,1.27154,0.9142857142857143,0.8910108571428571
2926344203.0,LA101,1976.04.16,0.279005,0.2535575,1.0059025,0.9629629629629629,0.9627443518518518
1693631132.0,BL117,1994.11.18,0.30542250000000004,0.32169749999999997,0.86663,0.9491525423728814,0.9559340677966102
8579508487.0,LA103,1949.10.28,0.3192025,0.26813,,1.0,1.0
9464745763.0,BL119,1997.04.02,0.279565,0.3005175,0.7092674999999999,0.7894736842105263,0.8506805263157895
5070647822.0,BL110,,0.3471225,0.3138825,0.84421,0.9545454545454546,0.9616268181818182
4571072162.0,BB100,1969.05.26,0.3945,0.31,1.147,0.8936170212765957,0.8779787234042553
1513757266.0,BB101,,0.2657225,0.237235,0.9650575,0.8888888888888888,0.8927713888888889
7410509020.0,BB103,,0.406105,0.41799,,0.875,0.732095625
7354586068.0,LA102,1971.08.18,0.30606999999999995,0.3124,1.2537825,0.9545454545454546,0.9430098863636364
9192110315.0,BB106,1969.01.31,0.274,0.28,0.9464999999999999,0.96,0.96214
4975613425.0,BB107,1954.11.12,0.29942250000000004,0.3032325,1.62424,0.9090909090909091,0.8523418181818181
5526561407.0,BB108,1960.04.11,0.285315,0.30251249999999996,1.030125,0.94,0.9381925
3520979923.0,BB110,1959.02.27,0.337655,0.28591,1.292025,0.9069767441860465,0.8798116279069766
4677910698.0,B112,1968.05.28,0.254,0.1845,0.9105000000000001,0.8620689655172413,0.8744137931034482
4099919540.0,BB114,,0.2862325,0.28201,1.3196175,0.8947368421052632,0.8610928947368421
8292253603.0,BB113,1944.02.13,0.37116,0.3384175,,0.8333333333333334,-0.6048841666666664
7312592307.0,113,,0.25224250000000004,0.29162750000000004,1.0536075,0.926829268292683,0.922906768292683
4837283076.0,BB111,1965.01.18,0.378,0.2855,1.177,0.8666666666666667,0.8430666666666666
3664833858.0,BB122,1955.04.05,0.34835000000000005,0.3745525,1.72747,0.84375,0.7300828125000001
8065519532.0,BB125,1992.07.11,0.25795999999999997,0.27439749999999996,0.806015,0.8688524590163934,0.8942931147540983
8057379146.0,BB123,1999.07.26,0.28,0.2525,1.278,0.975609756097561,0.9688292682926829
1265765311.0,6122,2012.02.13,0.4389,0.3859775,1.3356,0.7837837837837838,0.7112216216216216
7147453381.0,BB128,1978.12.28,0.39239,0.2742675,0.9391624999999999,0.9310344827586207,0.935230172413793
4599875189.0,BB129,1950.10.28,0.3635,0.304,1.619,0.88,0.80572
9368556694.0,BB130,1954.09.15,0.364,0.324,1.0375,0.7659574468085106,0.7571808510638298
2960979030.0,BB132,1957.07.03,0.31919,0.32401,1.490425,0.9142857142857143,0.8722492857142856
4536159259.0,BB124,1985.02.10,0.3,0.303,1.1835,0.9361702127659575,0.9244574468085107
1496401600.0,BB121,,0.353,0.3125,0.804,0.9264705882352942,0.9408823529411765
2010962867.0,BB133,1987.10.09,0.32654249999999996,0.3283025,1.18213,0.9302325581395349,0.9175258139534883
2468637600.0,BB134,,0.36778,0.35169249999999996,1.100245,0.9375,0.9312346875
7782629112.0,BB127,1997.09.08,0.3014425,0.2670225,1.00484,0.92,0.9196128
1609388230.0,137,,0.2626425,0.2753775,0.86594,0.8769230769230769,0.8934227692307692
8665994032.0,BB138,1995.10.10,0.313385,0.2999425,0.8586175,0.9354838709677419,0.9446053225806451
7158585000.0,BB144,1995.09.24,0.2925,0.287,0.735,0.8767123287671232,0.9093835616438356
3583781860.0,139,1995.10.14,0.343335,0.33601,0.8758,0.9464285714285714,0.9530821428571429
9444506829.0,6126,2012.05.26,,,1.571775,0.7575757575757576,0.6189636363636364
1132533963.0,6125,2011.11.17,0.3830924995,0.336055,1.19379,0.8333333333333334,0.801035
2495386322.0,6124,2011.11.14,0.453805,0.44852749999999997,,,
2657560334.0,6102,2010.12.20,0.3373025,0.3115075,1.3808825,0.7894736842105263,0.7092878947368422
9251648080.0,6101,2011.04.23,0.310005,0.26154,0.90631,0.864406779661017,0.8771105084745763
4561566480.0,AF101,1952.02.28,0.3493425,0.36234500000000003,1.1278,0.9024390243902439,0.8899707317073171
9259624916.0,6105,2010.03.24,0.4344125,0.3843225,1.33503,0.868421052631579,0.8243381578947369
6768966203.0,AF102,1970.08.02,0.3990475,0.3263025,1.605325,0.8857142857142857,0.8165342857142857
7364245543.0,9999,1990.12.23,0.35150000000000003,0.3528,0.9356,0.9107142857142857,0.9164642857142857
9160313507.0,AF108,1969.05.26,0.355,0.3045,1.0565,1.0,1.0
4033824084.0,AF110,1941.5.4,,,,,
4628603841.0,AF109,1949.06.12,0.3025,0.2705,1.1555,0.9333333333333333,0.9229666666666667
9363109925.0,AF111,1944.02.13,0.4315,0.2875,,0.8,0.4206000000000001
4319969319.0,AF112,1950.10.28,0.399,0.4485,1.454,0.8285714285714286,0.7507428571428573
9539667130.0,AF113,1954.09.15,0.3565,0.323,0.989,0.9107142857142857,0.9116964285714285
9467667793.0,AF116,1969.01.31,0.27,0.279,0.981,0.9607843137254902,0.961529411764706
