ID,nback_1_dprime,nback_2_dprime,nback_3_dprime,nback_1_2_mean_dprime,nback_1_2_3_mean_dprime
1,-0.253347103,-0.608420237,0,-0.43088367,-0.28725578
6,0.317220721,-0.607061815,-0.27105341,-0.144920547,-0.186964835
7,2.123172799,0.63866757,0.27105341,1.380920184,1.010964593
8,-4.011543691,-1.120453114,-3.740490281,-2.565998403,-2.957495695
10,4.518237897,-0.363302061,-4.011543691,2.077467918,0.047797382
13,0,0,-0.439930332,0,-0.146643444
18,-0.524400513,-0.800151097,-4.789291307,-0.662275805,-2.037947639
20,-2.123172799,0,0,-1.0615864,-0.707724266
160,5.546442359,1.666872032,0,3.606657196,2.40443813
194,8.529781588,0.67448975,-0.757151053,4.602135669,2.815706762
200,5.546442359,-0.63866757,-4.518237897,2.453887395,0.129845631
1001,4.789291307,2.563103131,0.58827413,3.676197219,2.646889523
1002,2.563103131,1.366021746,1.805952078,1.964562439,1.911692319
1004,2.563103131,1.048801025,-0.524400513,1.805952078,1.029167881
1005,8.529781588,1.956041316,0.439930332,5.242911452,3.641917745
1006,2.563103131,1.048801025,0.253347103,1.805952078,1.288417087
1008,5.546442359,1.560833902,0.841621234,3.553638131,2.649632498
1102,2.123172799,2.317984955,-1.534898669,2.220578877,0.968753028
1103,5.546442359,2.123172799,0.841621234,3.834807579,2.837078797
1201,0.253347103,-1.366021746,-4.518237897,-0.556337322,-1.876970847
1202,0.757151053,3.289707254,0,2.023429153,1.348952769
1203,5.106512027,-0.506694206,0,2.299908911,1.533272607
1204,2.563103131,0.58827413,-0.27105341,1.575688631,0.960107951
1205,-0.524400513,2.317984955,0.757151053,0.896792221,0.850245165
1206,-2.983339228,-0.510981813,1.281551566,-1.747160521,-0.737589825
1207,2.563103131,0.25965912,-0.27105341,1.411381125,0.850569614
1208,8.529781588,-0.63866757,-5.546442359,3.945557009,0.78155722
1209,8.529781588,1.516110984,1.366021746,5.022946286,3.803971439
1210,5.106512027,8.529781588,0.58827413,6.818146808,4.741522582
1211,5.106512027,0.841621234,-0.317220721,2.974066631,1.876970847
1212,5.546442359,2.123172799,5.546442359,3.834807579,4.405352506
1213,5.106512027,0.909720979,1.281551566,3.008116503,2.432594857
1214,8.529781588,1.421753856,-0.27105341,4.975767722,3.226827345
1215,8.529781588,2.317984955,1.534898669,5.423883271,4.127555071
1302,2.123172799,1.155890219,0.757151053,1.639531509,1.34540469
1303,0.524400513,-0.65006186,-5.546442359,-0.062830673,-1.890701235
1305,5.106512027,1.289780493,0.757151053,3.19814626,2.384481191
1306,-0.524400513,-1.198890263,-4.518237897,-0.861645388,-2.080509558
1307,4.264890794,-2.16925414,-4.789291307,1.047818327,-0.897884884
1308,5.546442359,1.2269417,0.27105341,3.38669203,2.348145823
1309,1.094968337,0.524400513,0,0.809684425,0.539789616
1310,2.123172799,4.789291307,1.094968337,3.456232053,2.669144147
1311,1.805952078,0.398739166,,1.102345622,
1312,1.683242467,0.651112923,0.317220721,1.167177695,0.883858704
1313,5.106512027,1.560833902,3.740490281,3.333672965,3.469278737
1314,5.546442359,1.366021746,0.58827413,3.456232053,2.500246079
1315,5.546442359,1.71092314,0.841621234,3.62868275,2.699662244
1316,4.789291307,3.590401044,3.42326956,4.189846175,3.934320637
1317,0.524400513,-0.777747616,-2.563103131,-0.126673552,-0.938816745
1318,5.546442359,4.518237897,1.366021746,5.032340128,3.810234001
1319,8.529781588,2.317984955,0.506694206,5.423883271,3.78482025
1320,5.546442359,2.123172799,0.27105341,3.834807579,2.646889523
1321,4.518237897,0.783086286,-0.27105341,2.650662092,1.676756925
1322,5.546442359,1.878054623,0.506694206,3.712248491,2.643730396
1323,2.563103131,0.524400513,0.253347103,1.543751822,1.113616916
1324,8.529781588,1.2269417,-1.094968337,4.878361644,2.88725165
1325,1.805952078,1.281551566,-0.27105341,1.543751822,0.938816745
1327,5.106512027,1.2269417,1.281551566,3.166726864,2.538335098
1328,8.529781588,1.878054623,-0.757151053,5.203918105,3.216895053
1329,5.546442359,-1.3489795,-5.546442359,2.09873143,-0.449659833
1330,2.123172799,-1.198890263,-5.546442359,0.462141268,-1.540719941
1331,2.123172799,0.909720979,-0.58827413,1.516446889,0.814873216
1332,5.546442359,1.059810217,4.011543691,3.303126288,3.539265422
1334,0.524400513,-1.366021746,-4.789291307,-0.420810617,-1.876970847
1335,0.524400513,-0.65006186,-1.366021746,-0.062830673,-0.497227698
1336,2.563103131,-1.289780493,0,0.636661319,0.424440879
1337,5.106512027,1.51919228,-0.439930332,3.312852154,2.061924659
1338,0.777747616,-1.198890263,-4.518237897,-0.210571324,-1.646460181
1339,1.683242467,-1.198890263,-4.518237897,0.242176102,-1.344628564
1340,5.546442359,1.094968337,0.253347103,3.320705348,2.2982526
1341,8.529781588,0.777747616,0.524400513,4.653764602,3.277309905
1342,-0.841621234,-1.516110984,-4.518237897,-1.178866109,-2.291990038
1343,2.563103131,1.198890263,-0.777747616,1.880996697,0.994748593
1344,5.546442359,-0.715959887,-4.518237897,2.415241236,0.104081525
1345,4.264890794,-0.510981813,-4.518237897,1.87695449,-0.254776305
1346,8.529781588,1.683242467,0.506694206,5.106512027,3.57323942
1347,4.789291307,1.289780493,0.253347103,3.0395359,2.110806301
1348,2.123172799,0.506694206,0.777747616,1.314933503,1.13587154
1349,5.546442359,1.534898669,-0.58827413,3.540670514,2.164355633
1350,1.683242467,1.805952078,0.524400513,1.744597273,1.337865019
1351,4.789291307,0.421142647,3.740490281,2.605216977,2.983641412
1352,5.546442359,0.27105341,0.439930332,2.908747885,2.0858087
1353,-0.524400513,0.27105341,0,-0.126673552,-0.084449034
1354,5.106512027,0.800151097,0,2.953331562,1.968887708
1355,1.534898669,1.198890263,1.028204462,1.366894466,1.253997798
1356,5.106512027,0.777747616,0,2.942129822,1.961419881
1357,1.683242467,1.198890263,1.805952078,1.441066365,1.562694936
1358,-1.805952078,0.510981813,1.534898669,-0.647485132,0.079976135
1359,-0.524400513,-1.198890263,-4.518237897,-0.861645388,-2.080509558
1360,5.106512027,1.155890219,-0.777747616,3.131201123,1.82821821
1361,2.123172799,1.666872032,3.42326956,1.895022416,2.40443813
1362,5.106512027,-0.37900845,-1.534898669,2.363751789,1.064201636
1363,5.546442359,0.777747616,0.757151053,3.162094988,2.360447009
1364,5.106512027,1.366021746,0.524400513,3.236266887,2.332311429
1365,0.777747616,1.878054623,0.253347103,1.327901119,0.969716447
1366,5.106512027,1.2269417,0.253347103,3.166726864,2.195600277
1367,2.563103131,2.072866779,3.740490281,2.317984955,2.792153397
1368,4.789291307,1.560833902,0.777747616,3.175062604,2.375957608
1369,1.094968337,-1.2269417,-1.805952078,-0.065986682,-0.645975147
1370,1.805952078,0,0.439930332,0.902976039,0.74862747
1371,5.106512027,0.927836853,1.366021746,3.01717444,2.466790209
1372,5.546442359,1.71092314,0.317220721,3.62868275,2.524862073
1373,2.123172799,0.385320466,0.27105341,1.254246633,0.926515558
1374,8.529781588,1.956041316,0,5.242911452,3.495274301
1375,5.546442359,1.683242467,-4.011543691,3.614842413,1.072713712
1376,8.529781588,1.366021746,1.094968337,4.947901667,3.663590557
1377,8.529781588,0.777747616,0.253347103,4.653764602,3.186958769
1378,8.529781588,0.67448975,1.805952078,4.602135669,3.670074472
1379,5.546442359,1.366021746,0.524400513,3.456232053,2.478954873
1380,5.546442359,1.805952078,0,3.676197219,2.450798146
1381,1.805952078,0.909720979,-0.27105341,1.357836529,0.814873216
1382,2.563103131,2.926405192,1.366021746,2.744754162,2.28517669
1383,4.518237897,-0.139080046,-1.281551566,2.189578925,1.032535428
1918,8.529781588,0.37900845,-0.757151053,4.454395019,2.717212995
2001,8.529781588,4.65021126,3.740490281,6.589996424,5.640161043
2002,8.529781588,0.150089237,-1.534898669,4.339935413,2.381657386
2003,0,-0.27105341,4.518237897,-0.135526705,1.415728162
2004,8.529781588,4.65021126,-0.317220721,6.589996424,4.287590709
2005,5.546442359,1.560833902,0,3.553638131,2.369092087
2006,1.805952078,0.253347103,0.253347103,1.029649591,0.770882095
2007,2.563103131,0.421142647,0.317220721,1.492122889,1.100488833
2101,2.123172799,1.644853627,0.27105341,1.884013213,1.346359945
2102,5.106512027,0.510981813,0.253347103,2.80874692,1.956946981
2103,4.789291307,1.770514974,3.42326956,3.27990314,3.327691947
2201,5.106512027,0.150089237,-5.106512027,2.628300632,0.050029746
2202,1.805952078,0.253347103,-0.253347103,1.029649591,0.601984026
2203,5.546442359,1.155890219,-0.58827413,3.351166289,2.038019483
2204,2.123172799,0.37900845,-0.58827413,1.251090625,0.63796904
2205,-0.524400513,-0.251322694,-0.524400513,-0.387861603,-0.433374573
2206,8.529781588,1.71092314,0,5.120352364,3.413568243
2207,0.317220721,-0.909720979,-1.281551566,-0.296250129,-0.624683941
2208,5.546442359,2.563103131,-1.281551566,4.054772745,2.275997975
2210,5.546442359,1.534898669,3.42326956,3.540670514,3.501536863
2211,8.529781588,1.560833902,-0.253347103,5.045307745,3.279089462
2212,1.366021746,-0.65006186,-5.106512027,0.357979943,-1.46351738
2213,2.123172799,2.317984955,1.094968337,2.220578877,1.845375364
2214,5.546442359,1.560833902,0.524400513,3.553638131,2.543892258
2215,2.563103131,3.289707254,-0.253347103,2.926405192,1.866487761
2301,8.529781588,1.162094736,0.27105341,4.845938162,3.320976578
2302,1.094968337,0.715959887,-1.048801025,0.905464112,0.254042399
2303,1.094968337,0.317220721,-0.439930332,0.706094529,0.324086242
2305,8.529781588,2.16925414,0,5.349517864,3.566345243
2306,5.546442359,1.407212912,0,3.476827636,2.317885091
2307,5.546442359,1.2269417,2.563103131,3.38669203,3.112162397
2308,0.58827413,-0.150089237,-1.094968337,0.219092446,-0.218927815
2309,1.048801025,-1.878054623,-5.106512027,-0.414626799,-1.978588542
2310,5.546442359,0,0.841621234,2.77322118,2.129354531
2311,-0.524400513,-1.198890263,-4.518237897,-0.861645388,-2.080509558
2312,5.546442359,0.63866757,0.27105341,3.092554965,2.152054446
2313,-4.518237897,1.036433389,0.317220721,-1.740902254,-1.054861262
2314,2.123172799,0.127685756,0.27105341,1.125429278,0.840637322
2315,1.366021746,1.2269417,1.028204462,1.296481723,1.20705597
2316,8.529781588,0.841621234,-0.439930332,4.685701411,2.977157496
2317,1.534898669,2.681287016,0,2.108092843,1.405395228
2318,0,-4.789291307,-5.546442359,-2.394645653,-3.445244555
2320,8.529781588,2.926405192,0.317220721,5.72809339,3.924469167
2321,5.546442359,2.123172799,0,3.834807579,2.556538386
2322,1.805952078,4.011543691,4.264890794,2.908747885,3.360795521
2323,5.546442359,1.366021746,4.518237897,3.456232053,3.810234001
2324,5.546442359,2.681287016,0,4.113864688,2.742576459
2325,5.106512027,1.048801025,0,3.077656526,2.051771018
2326,2.563103131,1.805952078,1.683242467,2.184527605,2.017432559
2327,-0.524400513,1.198890263,0.841621234,0.337244875,0.505370328
2328,8.529781588,0.927836853,0.317220721,4.728809221,3.258279721
2329,-0.524400513,-0.150089237,0.27105341,-0.337244875,-0.13447878
2330,5.106512027,0.385320466,0.317220721,2.745916247,1.936351072
2331,5.546442359,2.123172799,-0.253347103,3.834807579,2.472089352
2332,0.777747616,0,-1.281551566,0.388873808,-0.16793465
2333,5.546442359,1.094968337,0,3.320705348,2.213803565
2334,1.366021746,2.319343377,0.841621234,1.842682562,1.508995452
2335,1.683242467,-2.317984955,-5.106512027,-0.317371244,-1.913751505
2336,4.518237897,0.27105341,-0.439930332,2.394645653,1.449786992
2337,8.529781588,1.155890219,-0.27105341,4.842835903,3.138206132
2338,8.529781588,-3.228457404,-3.42326956,2.650662092,0.626018208
2339,-2.983339228,0.96728258,-0.317220721,-1.008028324,-0.777759123
2340,-0.524400513,-0.253347103,-0.777747616,-0.388873808,-0.518498411
2341,5.546442359,1.878054623,0.841621234,3.712248491,2.755372739
2342,0,0.510981813,0.777747616,0.255490907,0.429576476
2343,5.106512027,0.25965912,1.366021746,2.683085574,2.244064298
2344,5.106512027,0.317220721,0.317220721,2.711866374,1.913651156
2345,-0.524400513,-1.198890263,-4.518237897,-0.861645388,-2.080509558
2346,4.518237897,1.407212912,1.048801025,2.962725405,2.324750612
2347,5.546442359,0.927836853,-1.683242467,3.237139606,1.597012249
2348,4.789291307,1.366021746,1.683242467,3.077656526,2.61285184
2349,5.546442359,4.011543691,-0.317220721,4.778993025,3.08025511
2350,1.683242467,-1.198890263,-5.546442359,0.242176102,-1.687363385
2351,5.546442359,4.011543691,0,4.778993025,3.18599535
2352,8.529781588,1.048801025,4.789291307,4.789291307,4.789291307
2353,-4.789291307,-8.529781588,-8.529781588,-6.659536447,-7.282951494
2354,8.529781588,0.37900845,0.58827413,4.454395019,3.165688056
2356,8.529781588,2.317984955,0.506694206,5.423883271,3.78482025
2357,5.106512027,1.059810217,-1.366021746,3.083161122,1.600100166
2358,5.546442359,0.63866757,-2.123172799,3.092554965,1.353979043
2359,2.123172799,0.127685756,-1.281551566,1.125429278,0.32310233
2360,5.546442359,1.198890263,0,3.372666311,2.248444207
2361,0.841621234,1.366021746,-0.777747616,1.10382149,0.476631788
2362,5.546442359,1.2269417,-0.58827413,3.38669203,2.06170331
2363,5.546442359,1.805952078,1.028204462,3.676197219,2.793532967
2364,-0.777747616,-1.3489795,-4.518237897,-1.063363558,-2.214988338
2365,4.518237897,1.71092314,0.253347103,3.114580518,2.160836047
2366,2.563103131,0.385320466,0.253347103,1.474211799,1.0672569
2367,8.529781588,0.96728258,-0.841621234,4.748532084,2.885147645
2368,8.529781588,1.059810217,-1.094968337,4.794795902,2.831541156
2369,5.546442359,0.385320466,0.253347103,2.965881413,2.06170331
2370,5.546442359,5.106512027,1.094968337,5.326477193,3.915974241
2371,5.546442359,1.683242467,1.281551566,3.614842413,2.837078797
2372,5.106512027,0.251322694,0.506694206,2.678917361,1.954842976
2373,8.529781588,1.805952078,-0.253347103,5.167866833,3.360795521
2374,5.546442359,2.072866779,-0.777747616,3.809654569,2.280520508
2375,0.524400513,-1.366021746,-4.518237897,-0.420810617,-1.78661971
2376,-0.524400513,1.094968337,-2.123172799,0.285283912,-0.517534992
2377,5.546442359,0.131973363,3.740490281,2.839207861,3.139635335
2378,8.529781588,0.800151097,-3.42326956,4.664966342,1.968887708
2380,8.529781588,5.106512027,0.777747616,6.818146808,4.80468041
2381,1.805952078,-0.251322694,-4.789291307,0.777314692,-1.078220641
3001,5.546442359,0.927836853,3.42326956,3.237139606,3.299182924
3002,2.563103131,0.96728258,0,1.765192856,1.176795237
3003,5.546442359,2.486474861,-0.253347103,4.01645861,2.593190039
3004,1.366021746,0.510981813,0,0.93850178,0.625667853
3005,5.546442359,5.546442359,0.317220721,5.546442359,3.80336848
3006,8.529781588,0.715959887,-0.439930332,4.622870737,2.935270381
3007,2.123172799,0.506694206,-0.317220721,1.314933503,0.770882095
3035,1.805952078,1.3489795,0.506694206,1.577465789,1.220541928
3101,0.524400513,-1.770514974,-5.106512027,-0.623057231,-2.117542163
3102,1.048801025,0.909720979,0,0.979261002,0.652840668
3103,-0.524400513,-1.71092314,-1.805952078,-1.117661826,-1.34709191
3201,2.123172799,1.198890263,0.58827413,1.661031531,1.303445731
3202,5.546442359,2.072866779,-0.27105341,3.809654569,2.449418576
3203,1.805952078,1.198890263,0,1.502421171,1.001614114
3204,4.789291307,1.366021746,1.028204462,3.077656526,2.394505838
3205,8.529781588,0.65006186,1.366021746,4.589921724,3.515288398
3206,0.524400513,0.909720979,-0.58827413,0.717060746,0.28194912
3207,5.546442359,0.421142647,-0.524400513,2.983792503,1.814394831
3208,1.683242467,0.96728258,3.740490281,1.325262524,2.130338443
3209,1.366021746,2.317984955,0.841621234,1.842003351,1.508542645
3210,-0.524400513,0.25965912,0.841621234,-0.132370697,0.19229328
3211,8.529781588,1.281551566,0.317220721,4.905666577,3.376184625
3212,5.546442359,2.486474861,5.106512027,4.01645861,4.379809749
3213,-0.777747616,1.059810217,-0.317220721,0.1410313,-0.011719373
3214,5.106512027,1.516110984,1.094968337,3.311311506,2.572530449
3301,5.546442359,0.777747616,-0.317220721,3.162094988,2.002323085
3302,5.546442359,2.072866779,0.27105341,3.809654569,2.630120849
3303,1.534898669,1.028204462,0.841621234,1.281551566,1.134908122
3305,2.123172799,-4.264890794,-0.506694206,-1.070858997,-0.882804067
3306,1.805952078,1.71092314,0.757151053,1.758437609,1.424675424
3307,8.529781588,-0.139080046,0,4.195350771,2.796900514
3308,2.123172799,0.421142647,-1.028204462,1.272157723,0.505370328
3309,5.546442359,1.956041316,0,3.751241838,2.500827892
3310,5.106512027,1.956041316,0,3.531276672,2.354184448
3311,8.529781588,1.407212912,0.757151053,4.96849725,3.564715184
3312,2.563103131,0.927836853,0.58827413,1.745469992,1.359738038
3313,5.106512027,2.123172799,0,3.614842413,2.409894942
3314,5.546442359,1.162094736,0.58827413,3.354268548,2.432270409
3315,0.777747616,0.125661347,0,0.451704481,0.301136321
3316,5.546442359,1.059810217,-0.439930332,3.303126288,2.055440748
3317,2.123172799,3.289707254,1.366021746,2.706440027,2.259633933
3318,0.524400513,0,-0.841621234,0.262200256,-0.10574024
3319,5.546442359,0.96728258,0,3.25686247,2.171241647
3320,5.546442359,2.319343377,-0.439930332,3.932892868,2.475285135
3321,4.789291307,0.139080046,-0.317220721,2.464185676,1.537050211
3322,3.42326956,0.167131483,-1.094968337,1.795200522,0.831810902
3323,1.805952078,1.516110984,0.777747616,1.661031531,1.366603559
3324,5.546442359,1.516110984,4.264890794,3.531276672,3.775814712
3325,1.048801025,0.125661347,0,0.587231186,0.391487457
3326,8.529781588,1.560833902,0.777747616,5.045307745,3.622787702
3327,2.123172799,0.783086286,1.534898669,1.453129543,1.480385918
3328,5.106512027,1.198890263,-0.757151053,3.152701145,1.849417079
3329,4.789291307,-2.072866779,-5.106512027,1.358212264,-0.796695833
3330,2.563103131,0.58827413,0.757151053,1.575688631,1.302842771
3331,2.123172799,1.198890263,-2.123172799,1.661031531,0.399630088
3332,8.529781588,2.123172799,0,5.326477193,3.550984796
3333,0,0.909720979,-0.27105341,0.45486049,0.21288919
3334,5.546442359,1.3489795,-5.106512027,3.44771093,0.596303277
3335,5.546442359,1.666872032,3.740490281,3.606657196,3.651268224
3336,-0.524400513,-1.366021746,-4.789291307,-0.945211129,-2.226571189
3338,2.563103131,1.2269417,1.028204462,1.895022416,1.606083098
3339,1.683242467,-1.366021746,-5.106512027,0.15861036,-1.596430436
3340,4.264890794,-0.150089237,0,2.057400778,1.371600519
3341,8.529781588,1.956041316,-0.317220721,5.242911452,3.389534061
3342,8.529781588,0.253347103,0,4.391564345,2.927709564
3343,-0.506694206,-0.96728258,-1.366021746,-0.736988393,-0.946666178
3344,2.563103131,0.37900845,-0.27105341,1.471055791,0.890352724
3346,-8.529781588,-8.529781588,-8.529781588,-8.529781588,-8.529781588
3347,5.106512027,1.059810217,1.805952078,3.083161122,2.657424774
3348,8.529781588,4.939380544,1.094968337,6.734581066,4.854710156
3349,1.366021746,1.198890263,0.58827413,1.282456005,1.051062047
3350,1.683242467,0.800151097,-0.317220721,1.241696782,0.722057614
3351,8.529781588,1.560833902,0.253347103,5.045307745,3.447987531
3352,5.546442359,1.516110984,-0.506694206,3.531276672,2.185286379
3353,5.546442359,1.028204462,-0.253347103,3.287323411,2.107099906
3354,8.529781588,2.926405192,4.264890794,5.72809339,5.240359191
3355,5.546442359,1.366021746,0.253347103,3.456232053,2.388603736
3356,5.106512027,0.65006186,-0.27105341,2.878286944,1.828506826
3357,1.683242467,0.909720979,-0.524400513,1.296481723,0.689520978
3358,0.27105341,0.139080046,-1.534898669,0.205066728,-0.374921738
3359,2.563103131,2.681287016,0.317220721,2.622195074,1.853870289
3360,5.546442359,0.524400513,0,3.035421436,2.023614291
3361,8.529781588,1.028204462,0.27105341,4.778993025,3.276346487
3362,-0.524400513,-1.198890263,-4.518237897,-0.861645388,-2.080509558
3363,4.789291307,0.245118176,0.524400513,2.517204741,1.852936665
3364,0.253347103,-0.139080046,3.740490281,0.057133528,1.284919113
3365,2.123172799,-1.059810217,-4.518237897,0.531681291,-1.151625105
3366,5.546442359,1.048801025,-1.094968337,3.297621692,1.833425016
3367,8.529781588,0.25965912,0,4.394720354,2.929813569
3368,5.546442359,2.486474861,0,4.01645861,2.677639073
3369,4.518237897,0.800151097,-0.253347103,2.659194497,1.688347297
3370,-0.524400513,-1.198890263,-4.518237897,-0.861645388,-2.080509558
3371,1.805952078,1.366021746,0.524400513,1.585986912,1.232124779
3372,2.123172799,-0.150089237,0,0.986541781,0.657694521
3373,5.546442359,0.800151097,0.27105341,3.173296728,2.205882289
3374,2.123172799,1.094968337,0.506694206,1.609070568,1.241611781
3375,5.546442359,2.681287016,0,4.113864688,2.742576459
3376,-0.27105341,-0.96728258,-8.529781588,-0.619167995,-3.256039193
3377,1.094968337,0.927836853,-0.317220721,1.011402595,0.568528156
3378,5.546442359,1.878054623,0.506694206,3.712248491,2.643730396
3379,2.123172799,0,0.317220721,1.0615864,0.813464507
3380,0.841621234,-1.289780493,-1.683242467,-0.22407963,-0.710467242
3381,8.529781588,2.317984955,-0.27105341,5.423883271,3.525571044
5001,1.805952078,4.65021126,0.524400513,3.228081669,2.326854617
5002,1.048801025,-0.37900845,0.439930332,0.334896288,0.369907636
5003,-0.524400513,-1.198890263,-4.518237897,-0.861645388,-2.080509558
5004,1.366021746,-1.516110984,-5.106512027,-0.075044619,-1.752200422
5005,5.546442359,1.198890263,-0.27105341,3.372666311,2.158093071
5006,2.563103131,1.155890219,4.011543691,1.859496675,2.57684568
5008,5.546442359,1.71092314,0.524400513,3.62868275,2.593922004
5009,-3.42326956,-0.398739166,,-1.911004363,
5012,-0.524400513,1.421753856,1.366021746,0.448676672,0.754458363
5013,0,0,-3.740490281,0,-1.246830094
5014,2.123172799,0,0.777747616,1.0615864,0.966973472
5015,5.106512027,0.125661347,-0.524400513,2.616086687,1.569257621
5016,5.546442359,-0.58827413,,2.479084115,
5018,5.546442359,-0.904419973,,2.321011193,
5019,0.253347103,-2.317984955,-8.529781588,-1.032318926,-3.531473147
5020,2.123172799,1.059810217,-4.011543691,1.591491508,-0.276186892
5021,1.805952078,1.644853627,-3.42326956,1.725402853,0.009178715
5022,5.546442359,4.264890794,2.983339228,4.905666577,4.264890794
5023,8.529781588,2.123172799,0.506694206,5.326477193,3.719882864
5024,8.529781588,2.486474861,0.58827413,5.508128224,3.86817686
5025,-0.524400513,-0.506694206,-0.27105341,-0.515547359,-0.434049376
5027,1.805952078,0.456300767,0.58827413,1.131126423,0.950175659
5029,5.106512027,1.683242467,1.683242467,3.394877247,2.824332321
5030,5.106512027,1.059810217,0.58827413,3.083161122,2.251532125
5031,-0.253347103,-2.072866779,-1.683242467,-1.163106941,-1.33648545
5032,-0.524400513,-1.560833902,-4.789291307,-1.042617207,-2.291508574
5033,5.546442359,0.456300767,-0.524400513,3.001371563,1.826114205
5034,5.546442359,1.094968337,1.805952078,3.320705348,2.815787591
5036,5.546442359,0.777747616,0,3.162094988,2.108063325
5037,5.546442359,1.162094736,-0.524400513,3.354268548,2.061378861
5038,5.546442359,1.878054623,0,3.712248491,2.474832328
5039,8.529781588,2.926405192,-0.58827413,5.72809339,3.62263755
5040,5.106512027,2.317984955,0.27105341,3.712248491,2.565183464
5042,5.546442359,1.059810217,0.841621234,3.303126288,2.482624603
5043,5.546442359,1.198890263,-0.27105341,3.372666311,2.158093071
5044,-0.777747616,-1.198890263,-4.518237897,-0.988318939,-2.164958592
5045,8.529781588,-0.139080046,-0.841621234,4.195350771,2.516360103
5046,1.683242467,0.927836853,-0.253347103,1.30553966,0.785910739
5047,8.529781588,1.198890263,1.281551566,4.864335925,3.670074472
5048,-0.524400513,-1.198890263,-4.518237897,-0.861645388,-2.080509558
5050,-2.983339228,0,-0.58827413,-1.491669614,-1.190537786
5051,5.546442359,0.607061815,-1.281551566,3.076752087,1.623984203
5052,8.529781588,0.58827413,0,4.559027859,3.039351906
5055,1.683242467,0.715959887,0.841621234,1.199601177,1.080274529
5056,2.563103131,0.245118176,-0.27105341,1.404110654,0.845722633
5057,-4.264890794,-4.939380544,-4.518237897,-4.602135669,-4.574169745
5058,8.529781588,2.486474861,0,5.508128224,3.672085483
5060,1.805952078,0.336108695,,1.071030386,
5061,2.123172799,0.757151053,-3.42326956,1.440161926,-0.180981903
5062,-0.524400513,-0.777747616,-0.58827413,-0.651074064,-0.630140753
5063,5.546442359,1.956041316,-0.253347103,3.751241838,2.416378857
5064,2.563103131,1.198890263,0,1.880996697,1.253997798
5065,5.546442359,1.71092314,0,3.62868275,2.419121833
5066,1.683242467,1.120453114,2.983339228,1.401847791,1.929011603
5067,8.529781588,5.106512027,-0.506694206,6.818146808,4.376533136
5068,0,0.506694206,0.253347103,0.253347103,0.253347103
5071,1.534898669,1.560833902,-8.529781588,1.547866285,-1.811349672
5074,5.546442359,-0.398739166,0,2.573851597,1.715901065
5075,1.683242467,-0.139080046,-4.518237897,0.77208121,-0.991358492
5076,5.106512027,1.770514974,0,3.438513501,2.292342334
5077,5.546442359,0.150089237,-0.317220721,2.848265798,1.793103625
5078,5.106512027,1.683242467,0.253347103,3.394877247,2.347700533
5080,5.546442359,1.198890263,1.028204462,3.372666311,2.591179028
5081,5.546442359,1.560833902,-0.317220721,3.553638131,2.263351847
5083,5.546442359,0.510981813,-1.028204462,3.028712086,1.67640657
5084,5.546442359,2.563103131,0.58827413,4.054772745,2.899273207
5085,8.529781588,1.878054623,0,5.203918105,3.469278737
5086,-0.524400513,-0.841621234,-1.366021746,-0.683010873,-0.910681164
5087,5.546442359,0.506694206,-0.524400513,3.026568283,1.842912018
5088,1.534898669,-4.139229447,-4.264890794,-1.302165389,-2.289740524
5090,2.123172799,0.253347103,3.740490281,1.188259951,2.039003394
5091,-0.777747616,-1.15034938,,-0.964048498,
5092,2.563103131,0.510981813,-0.524400513,1.537042472,0.849894811
5093,5.546442359,1.878054623,0,3.712248491,2.474832328
5094,5.546442359,2.123172799,0,3.834807579,2.556538386
5095,2.123172799,1.036433389,0,1.579803094,1.053202063
5096,-0.524400513,-1.198890263,-4.518237897,-0.861645388,-2.080509558
5097,2.563103131,1.805952078,1.028204462,2.184527605,1.799086557
5098,2.123172799,0.607061815,0,1.365117307,0.910078205
5099,8.529781588,2.319343377,0.27105341,5.424562482,3.706726125
5100,1.805952078,1.289780493,-0.253347103,1.547866285,0.947461823
5101,-0.524400513,-0.909720979,0.841621234,-0.717060746,-0.197500086
5102,5.546442359,1.289780493,-0.841621234,3.418111426,1.99820054
5103,2.563103131,1.683242467,-8.529781588,2.123172799,-1.427811997
5104,5.546442359,2.030174093,0.58827413,3.788308226,2.721630194
5105,4.789291307,0.607061815,0,2.698176561,1.798784374
5106,2.123172799,-0.96728258,0.27105341,0.577945109,0.475647876
5107,1.094968337,0.27105341,0.27105341,0.683010873,0.545691719
5108,5.546442359,0.96728258,0,3.25686247,2.171241647
5109,8.529781588,1.366021746,0.253347103,4.947901667,3.383050146
5111,4.789291307,1.155890219,-0.757151053,2.972590763,1.729343491
5112,8.529781588,1.094968337,-1.048801025,4.812374962,2.858649633
5114,2.563103131,1.198890263,1.281551566,1.880996697,1.681181653
5116,2.123172799,1.666872032,0.757151053,1.895022416,1.515731961
5117,5.546442359,1.198890263,-0.253347103,3.372666311,2.163995173
5119,8.529781588,1.805952078,0.27105341,5.167866833,3.535595692
5120,-4.011543691,-1.198890263,-4.789291307,-2.605216977,-3.333241753
5200,0.777747616,0.58827413,0.27105341,0.683010873,0.545691719
5201,5.546442359,0.910772043,-0.317220721,3.228607201,2.04666456
5202,8.529781588,3.289707254,0,5.909744421,3.939829614
5203,8.529781588,1.516110984,1.028204462,5.022946286,3.691365678
5204,2.123172799,0,-0.253347103,1.0615864,0.623275232
5205,4.789291307,0.63866757,0.524400513,2.713979438,1.984119796
5206,-0.524400513,-1.516110984,-4.518237897,-1.020255748,-2.186249798
5209,8.529781588,2.563103131,0.253347103,5.546442359,3.782077274
5210,8.529781588,0,-0.506694206,4.264890794,2.674362461
5213,5.546442359,0.196822617,,2.871632488,
5216,-4.264890794,-3.228457404,-4.789291307,-3.746674099,-4.094213168
6101,5.546442359,4.939380544,1.281551566,5.242911452,3.922458156
6102,4.789291307,0,0,2.394645653,1.596430436
6103,1.534898669,-1.036433389,-1.028204462,0.24923264,-0.176579728
6104,0,-0.127685756,0.317220721,-0.063842878,0.063178322
6105,4.789291307,-1.89820073,-1.805952078,1.445545288,0.361712833
6107,4.789291307,3.228457404,3.42326956,4.008874356,3.813672757
6111,0,-0.25965912,-0.777747616,-0.12982956,-0.345802245
6112,2.983339228,-4.011543691,-5.106512027,-0.514102231,-2.044905497
6113,1.094968337,1.162094736,-1.094968337,1.128531537,0.387364912
6114,4.789291307,-0.253347103,-0.253347103,2.267972102,1.427532367
6115,4.518237897,1.289780493,-0.27105341,2.904009195,1.845654993
6116,1.805952078,0.512032877,-0.27105341,1.158992478,0.682310515
6117,1.028204462,-0.127685756,0.841621234,0.450259353,0.580713313
6118,1.534898669,1.407212912,0,1.471055791,0.98070386
6120,1.366021746,0.361943639,-3.740490281,0.863982693,-0.670841632
6122,1.805952078,0,1.534898669,0.902976039,1.113616916
6124,1.366021746,-0.715959887,-0.317220721,0.32503093,0.110947046
6125,4.011543691,0,-3.42326956,2.005771845,0.196091377
6126,-0.439930332,-0.456300767,-0.253347103,-0.44811555,-0.383192734
6127,1.683242467,2.620037167,0,2.151639817,1.434426545
6128,8.529781588,0,-0.253347103,4.264890794,2.758811495
6129,0.253347103,-1.805952078,-5.546442359,-0.776302488,-2.366349112
6130,4.264890794,0,-0.253347103,2.132445397,1.33718123
6131,1.534898669,-3.42326956,-3.740490281,-0.944185446,-1.876287058
6132,2.563103131,0.512032877,-1.281551566,1.537568004,0.597861481
6133,4.264890794,1.028204462,-1.028204462,2.646547628,1.421630265
6135,-2.983339228,1.516110984,0.777747616,-0.733614122,-0.229826876
6136,1.281551566,-0.783086286,0,0.24923264,0.166155093
6137,1.094968337,0.607061815,-4.789291307,0.851015076,-1.029087052
6138,5.106512027,4.264890794,4.011543691,4.685701411,4.460982171
6139,8.529781588,2.030174093,0.439930332,5.279977841,3.666628671
6140,0.841621234,0.125661347,-0.253347103,0.48364129,0.237978492
6202,5.106512027,1.560833902,0,3.333672965,2.222448643
6203,1.534898669,0.715959887,0.757151053,1.125429278,1.002669869
6204,1.805952078,0.131973363,0,0.968962721,0.645975147
6205,1.366021746,-0.150089237,-0.317220721,0.607966254,0.299570596
6206,0.757151053,-0.456300767,-0.757151053,0.150425143,-0.152100256
6207,5.546442359,-0.251322694,-1.805952078,2.647559833,1.163055863
6208,5.546442359,1.560833902,3.740490281,3.553638131,3.615922181
6209,8.529781588,1.259533161,-0.317220721,4.894657374,3.157364676
6210,1.048801025,1.391506524,0,1.220153775,0.81343585
6211,5.106512027,-0.25965912,-0.27105341,2.423426454,1.525266499
6212,-0.506694206,-1.366021746,-1.805952078,-0.936357976,-1.226222677
6213,0.58827413,-0.608420237,-0.439930332,-0.010073054,-0.153358813
6214,1.366021746,-0.127685756,-0.777747616,0.619167995,0.153529458
6215,5.546442359,2.681287016,0.27105341,4.113864688,2.832927595
6216,2.123172799,0.361943639,0,1.242558219,0.828372146
6217,0.524400513,1.281551566,0,0.902976039,0.601984026
6218,8.529781588,-0.456300767,-1.534898669,4.03674041,2.179527384
6219,2.123172799,1.770514974,0,1.946843886,1.297895924
6220,8.529781588,1.956041316,0.841621234,5.242911452,3.775814712
6221,1.805952078,0.803232393,0,1.304592236,0.869728157
6223,1.281551566,-0.421142647,0.317220721,0.430204459,0.392543213
6224,4.789291307,1.028204462,0.757151053,2.908747885,2.191548941
6225,-0.253347103,3.590401044,-0.439930332,1.66852697,0.96570787
6226,0.506694206,1.51919228,-0.439930332,1.012943243,0.528652051
6228,-1.534898669,-0.651112923,-1.028204462,-1.093005796,-1.071405351
6231,5.546442359,1.534898669,-0.58827413,3.540670514,2.164355633
6232,1.805952078,0.524400513,-0.524400513,1.165176295,0.601984026
6242,2.563103131,2.563103131,0,2.563103131,1.708735421
6246,4.264890794,1.259533161,3.42326956,2.762211977,2.982564505
6247,2.563103131,2.486474861,1.281551566,2.524788996,2.110376519
6249,5.106512027,0.25965912,0,2.683085574,1.788723716
6250,5.546442359,0,-0.253347103,2.77322118,1.764365085
6251,1.094968337,0.27105341,-0.524400513,0.683010873,0.280540411
6252,1.805952078,0.289169284,0,1.047560681,0.698373787
6253,2.123172799,1.878054623,0.439930332,2.000613711,1.480385918
6254,2.563103131,2.486474861,0.524400513,2.524788996,1.857992835
6257,2.563103131,0.777747616,0,1.670425373,1.113616916
6259,5.546442359,2.123172799,0.524400513,3.834807579,2.731338557
6260,8.529781588,0.37900845,0,4.454395019,2.969596679
6261,5.106512027,0.931086471,,3.018799249,
6263,-0.524400513,-1.195436973,,-0.859918743,
6567,1.534898669,-0.361943639,-0.317220721,0.586477515,0.28524477
7519,8.529781588,1.162094736,-3.740490281,4.845938162,1.983795348
182867,5.546442359,1.534898669,0.317220721,3.540670514,2.46618725
555511,0,-4.390552141,-2.983339228,-2.19527607,-2.45796379
555516,0.524400513,-0.777747616,0.841621234,-0.126673552,0.196091377
ADHD101,5.546442359,-0.456300767,0,2.545070796,1.696713864
ADHD102,-0.253347103,-0.127685756,-0.506694206,-0.19051643,-0.295909022
ADHD103,-0.524400513,-1.805952078,-4.518237897,-1.165176295,-2.282863496
ADHD105,0.841621234,-1.3489795,-1.366021746,-0.253679133,-0.624460004
ADHD106,8.529781588,4.390552141,0,6.460166864,4.30677791
ADHD107,1.683242467,0.150089237,1.028204462,0.916665852,0.953845389
ADHD108,0.777747616,0.385320466,0.27105341,0.581534041,0.478040497
ADHD109,-1.281551566,-1.71092314,-1.683242467,-1.496237353,-1.558572391
ADHD110,-0.253347103,-1.162094736,-2.123172799,-0.70772092,-1.179538213
ADHD111,5.546442359,-0.253347103,-0.757151053,2.646547628,1.511981401
ADHD112,-0.524400513,-1.516110984,-5.106512027,-1.020255748,-2.382341175
ADHD113,-0.524400513,0.127685756,0.253347103,-0.198357378,-0.047789218
ADHD115,-1.048801025,-0.909720979,-4.789291307,-0.979261002,-2.249271104
ADHD116,0.506694206,-0.127685756,0,0.189504225,0.12633615
ADHD118,1.683242467,-0.970363877,-3.740490281,0.356439295,-1.009203897
ADHD119,0,-1.366021746,-5.546442359,-0.683010873,-2.304154702
ADHD120,5.106512027,1.162094736,0.27105341,3.134303382,2.179886724
ADHD121,-0.524400513,-1.878054623,-2.123172799,-1.201227568,-1.508542645
ADHD122,1.094968337,0.757151053,0.58827413,0.926059695,0.813464507
ADHD123,1.366021746,0,-1.534898669,0.683010873,-0.056292307
ADHD124,3.42326956,0,0,1.71163478,1.141089853
ADHD126,0.439930332,0,-2.983339228,0.219965166,-0.847802965
ADHD127,2.563103131,1.516110984,0.439930332,2.039607057,1.506381482
ADHD128,0.27105341,-0.251322694,0,0.009865358,0.006576905
ADHD129,5.106512027,0.421142647,0,2.763827337,1.842551558
ADHD130,1.805952078,0.456300767,0,1.131126423,0.754084282
ADHD131,2.123172799,0.607061815,3.42326956,1.365117307,2.051168058
AF100,-4.518237897,0.150089237,2.983339228,-2.18407433,-0.461603144
AF100A,5.546442359,-0.757151053,-0.439930332,2.394645653,1.449786992
AF101,0,-0.67448975,0.757151053,-0.337244875,0.027553768
AF102,2.123172799,-1.683242467,-1.534898669,0.219965166,-0.364989446
AF108,-0.524400513,-1.366021746,-4.518237897,-0.945211129,-2.136220052
AF110,0,0,0,0,0
AF114,8.529781588,1.366021746,2.983339228,4.947901667,4.293047521
AF116,8.529781588,0.63866757,,4.584224579,
AF120,0.27105341,2.620037167,2.983339228,1.445545288,1.958143268
AF121,-1.028204462,-0.715959887,-0.58827413,-0.872082175,-0.777479493
AF122,2.563103131,-1.162094736,-8.529781588,0.700504197,-2.376257731
AF123,2.123172799,1.644853627,1.281551566,1.884013213,1.683192664
AF124,1.805952078,-2.123172799,-8.529781588,-0.15861036,-2.94900077
AF125,0,-1.560833902,-8.529781588,-0.780416951,-3.363538497
AF128,-8.529781588,-8.529781588,-8.529781588,-8.529781588,-8.529781588
ASD101,-0.317220721,-1.155890219,-0.506694206,-0.73655547,-0.659935049
ASD102,-0.777747616,0.607061815,-4.011543691,-0.0853429,-1.394076497
ASD103,-0.777747616,-1.366021746,-4.518237897,-1.071884681,-2.220669086
ASD104,2.123172799,-0.970363877,-0.439930332,0.576404461,0.237626197
ASD105,5.546442359,0.251322694,-0.439930332,2.898882527,1.785944907
ASD106,0,-1.878054623,-5.546442359,-0.939027312,-2.474832328
ASD107,4.518237897,-0.150089237,-0.58827413,2.18407433,1.259958176
ASD108,-0.777747616,-4.789291307,-5.546442359,-2.783519461,-3.704493761
ASD109,2.563103131,0.777747616,-0.253347103,1.670425373,1.029167881
ASD110,1.683242467,1.89820073,0,1.790721599,1.193814399
ASD113,4.518237897,1.036433389,2.983339228,2.777335643,2.846003505
ASD114,2.563103131,-1.259533161,2.983339228,0.651784985,1.428969733
ASD115,8.529781588,-1.162094736,2.983339228,3.683843426,3.450342027
ASD118,-0.777747616,-1.71092314,-4.789291307,-1.244335378,-2.425987354
ASD119,-0.841621234,-4.939380544,-4.264890794,-2.890500889,-3.348630857
ASD120,3.740490281,2.983339228,-1.094968337,3.361914755,1.876287058
ASD121,-1.281551566,-0.125661347,-0.777747616,-0.703606456,-0.728320176
ASD125,1.805952078,-2.620037167,-0.439930332,-0.407042544,-0.41800514
ASD126,-0.841621234,-1.421753856,-8.529781588,-1.131687545,-3.597718892
ASD127,1.281551566,-0.524400513,-1.028204462,0.378575526,-0.090351137
ASD128,-0.506694206,0.715959887,-0.439930332,0.10463284,-0.076888217
ASD129,4.264890794,-0.363302061,-0.439930332,1.950794366,1.153886134
ASD130,4.011543691,3.42326956,4.011543691,3.717406626,3.815452314
ASD131,0.524400513,-0.783086286,0,-0.129342887,-0.086228591
ASD132,0,-2.620037167,-2.983339228,-1.310018583,-1.867792132
ASD133,8.529781588,0.37900845,-3.740490281,4.454395019,1.722766586
B,8.529781588,1.516110984,0.27105341,5.022946286,3.438981994
BL101,1.805952078,-0.506694206,,0.649628936,
BL102,-0.524400513,-1.198890263,-4.518237897,-0.861645388,-2.080509558
BL104,5.546442359,1.198890263,0,3.372666311,2.248444207
BL105,5.546442359,2.486474861,5.106512027,4.01645861,4.379809749
BL106,2.563103131,1.094968337,0,1.829035734,1.219357156
BL108,1.683242467,0.37900845,4.011543691,1.031125459,2.024598203
BL110,5.546442359,0,-1.028204462,2.77322118,1.506079299
BL112,8.529781588,1.878054623,0,5.203918105,3.469278737
BL114,8.529781588,5.106512027,1.534898669,6.818146808,5.057064095
BL116,1.683242467,1.956041316,-1.534898669,1.819641891,0.701461705
BL117,8.529781588,1.805952078,-2.983339228,5.167866833,2.450798146
BL118,1.534898669,2.030174093,-2.983339228,1.782536381,0.193911178
BL119,1.805952078,1.805952078,-0.777747616,1.805952078,0.944718847
BL122,8.529781588,0.317220721,0,4.423501154,2.94900077
BL123,-0.524400513,-1.198890263,-4.518237897,-0.861645388,-2.080509558
BL124,0,-4.139229447,-4.789291307,-2.069614724,-2.976173585
BL125,8.529781588,1.048801025,0,4.789291307,3.192860871
BL127,-0.841621234,-1.878054623,-2.123172799,-1.359837928,-1.614282885
BL130,5.546442359,0.289169284,0.253347103,2.917805822,2.029652915
BL131,-0.524400513,-1.198890263,-4.518237897,-0.861645388,-2.080509558
BL132,5.106512027,2.486474861,0.58827413,3.796493444,2.727087006
BL133,2.563103131,1.2269417,0.27105341,1.895022416,1.353699414
BL134,5.546442359,5.546442359,1.534898669,5.546442359,4.209261129
BL135,-0.253347103,-1.162094736,-4.518237897,-0.70772092,-1.977893246
BL136,5.546442359,1.71092314,1.534898669,3.62868275,2.930754723
BL140,4.518237897,-0.27105341,-0.27105341,2.123592244,1.325377026
BL142,3.42326956,1.71092314,4.518237897,2.56709635,3.217476866
BL143,8.529781588,2.563103131,0.317220721,5.546442359,3.80336848
BL144,1.805952078,-0.421142647,-1.281551566,0.692404716,0.034419289
BL145,1.683242467,1.036433389,0,1.359837928,0.906558619
BL146,2.563103131,1.048801025,-1.028204462,1.805952078,0.861233231
BL147,5.546442359,3.289707254,0.777747616,4.418074807,3.20463241
BL148,8.529781588,1.366021746,-0.439930332,4.947901667,3.151957667
BL149,5.546442359,2.072866779,-0.58827413,3.809654569,2.343678336
BL150,1.683242467,0.65006186,-0.253347103,1.166652163,0.693319075
BL151,8.529781588,0.361943639,3.740490281,4.445862614,4.210738503
BL152,-0.524400513,-1.198890263,-4.518237897,-0.861645388,-2.080509558
BL153,5.546442359,-0.245118176,-4.789291307,2.650662092,0.170677626
BL156,-0.524400513,-1.3489795,-4.518237897,-0.936690007,-2.130539303
BL157,1.281551566,0.131973363,-1.094968337,0.706762464,0.106185531
BL158,4.264890794,1.198890263,0.524400513,2.731890528,1.996060523
BL159,8.529781588,1.560833902,0,5.045307745,3.363538497
BL163,2.123172799,0.131973363,0.841621234,1.127573081,1.032255799
BL164,1.805952078,5.106512027,0,3.456232053,2.304154702
BL165,-0.524400513,-1.048801025,-4.518237897,-0.786600769,-2.030479812
BL167,2.563103131,1.366021746,2.983339228,1.964562439,2.304154702
BL169,5.546442359,1.71092314,1.094968337,3.62868275,2.784111279
BL170,5.106512027,1.162094736,-1.028204462,3.134303382,1.746800767
BL172,4.789291307,0.65006186,0,2.719676583,1.813117722
BL173,0.253347103,0.439930332,-2.123172799,0.346638718,-0.476631788
BL174,2.123172799,0.896231099,3.740490281,1.509701949,2.25329806
BL176,1.048801025,-0.421142647,-1.094968337,0.313829189,-0.155769986
BL177,5.546442359,0.65006186,-1.281551566,3.09825211,1.638317551
BL178,2.563103131,1.683242467,2.983339228,2.123172799,2.409894942
BL183,5.546442359,5.546442359,0.777747616,5.546442359,3.956877445
BL184,8.529781588,5.106512027,1.805952078,6.818146808,5.147415231
BL185,5.546442359,1.805952078,0.757151053,3.676197219,2.70318183
BL187,5.106512027,1.366021746,-0.777747616,3.236266887,1.898262053
BL188,5.546442359,0.777747616,-3.740490281,3.162094988,0.861233231
BL189,5.546442359,0.253347103,-1.048801025,2.899894731,1.583662812
BL191,2.563103131,0.139080046,0.253347103,1.351091589,0.98517676
BL192,0,,,,
BL195,5.546442359,1.770514974,-1.028204462,3.658478667,2.096250957
BL196,0,-4.939380544,-8.529781588,-2.469690272,-4.489720711
BL198,1.366021746,0.456300767,0,0.911161257,0.607440838
BL199,5.546442359,0.125661347,-0.58827413,2.836051853,1.694609859
BL203,8.529781588,1.560833902,0.317220721,5.045307745,3.469278737
BL204,1.33036175,,,,
BL205,8.529781588,1.391506524,0,4.960644056,3.307096037
BL211,0.777747616,-0.289169284,3.740490281,0.244289166,1.409689538
BL213,-0.524400513,-1.516110984,-4.518237897,-1.020255748,-2.186249798
BL214,8.529781588,1.120453114,0,4.825117351,3.216744901
BS102,-3.740490281,-0.970363877,-2.983339228,-2.355427079,-2.564731129
BS103,-0.253347103,-0.251322694,-1.094968337,-0.252334898,-0.533212711
BS104,1.805952078,-0.970363877,0,0.417794101,0.2785294
BS105,0,-1.2269417,-0.777747616,-0.61347085,-0.668229772
BS106,0,-0.803232393,-3.42326956,-0.401616197,-1.408833985
BS107,1.683242467,-1.391506524,-3.42326956,0.145867972,-1.043844539
BS108,1.534898669,0.289169284,0,0.912033976,0.608022651
BS109,8.529781588,1.421753856,-0.506694206,4.975767722,3.148280412
BS110,-8.529781588,-5.909744421,0.757151053,-7.219763004,-4.560791652
BS111,-0.58827413,-1.198890263,-1.366021746,-0.893582197,-1.051062047
BS112,0.841621234,-0.253347103,0.841621234,0.294137065,0.476631788
BS113,-4.518237897,-0.783086286,0.317220721,-2.650662092,-1.661367821
BS114,-0.524400513,-1.094968337,,-0.809684425,
BS115,5.106512027,0.167131483,-4.264890794,2.636821755,0.336250906
EEG003,5.546442359,2.123172799,-0.439930332,3.834807579,2.409894942
EEG004,5.546442359,1.534898669,0.58827413,3.540670514,2.556538386
EEG011,2.563103131,-0.131973363,0.777747616,1.215564884,1.069625795
EEG012,5.106512027,-0.127685756,-1.805952078,2.489413136,1.057624731
EEG014,5.546442359,0.63866757,-0.27105341,3.092554965,1.971352173
EEG019,8.529781588,-0.63866757,-1.366021746,3.945557009,2.175030757
EEG023,5.106512027,1.666872032,-0.524400513,3.38669203,2.082994516
EEG024,8.529781588,1.048801025,0.777747616,4.789291307,3.452110076
EEG025,8.529781588,1.89820073,3.740490281,5.213991159,4.7228242
EEG028,8.529781588,1.89820073,0.439930332,5.213991159,3.62263755
EEG029,5.106512027,0.289169284,-0.506694206,2.697840656,1.629662368
EEG031,-0.524400513,-1.366021746,-4.518237897,-0.945211129,-2.136220052
EEG032,2.563103131,1.059810217,1.534898669,1.811456674,1.719270672
EEG033,8.529781588,-1.366021746,-4.789291307,3.581879921,0.791489512
EEG034,2.563103131,0.96728258,-1.281551566,1.765192856,0.749611382
EEG035,1.366021746,0.289169284,4.264890794,0.827595515,1.973360608
EEG036,5.546442359,0.131973363,-1.094968337,2.839207861,1.527815795
EEG037,5.546442359,5.106512027,0.524400513,5.326477193,3.725784967
EEG038,1.805952078,-1.3489795,-5.106512027,0.228486289,-1.549846483
EEG041,2.123172799,1.155890219,-0.841621234,1.639531509,0.812480595
EEG042,2.123172799,0.841621234,0,1.482397016,0.988264678
EEG043,-0.524400513,-1.059810217,-2.123172799,-0.792105365,-1.235794509
EEG044,8.529781588,4.939380544,-2.983339228,6.734581066,3.495274301
EEG045,8.529781588,2.681287016,0.841621234,5.605534302,4.017563279
EEG046,1.534898669,0.777747616,-0.253347103,1.156323142,0.68643306
EEG047,-0.777747616,-1.198890263,-2.563103131,-0.988318939,-1.513247003
EEG048,-0.524400513,-0.63866757,-4.518237897,-0.581534041,-1.89376866
EEG049,5.106512027,2.16925414,0.58827413,3.637883084,2.621346766
EEG050,2.123172799,2.926405192,1.281551566,2.524788996,2.110376519
EEG051,4.789291307,1.560833902,0.317220721,3.175062604,2.222448643
EEG052,4.789291307,0.896231099,0,2.842761203,1.895174135
F131,8.529781588,1.956041316,0,5.242911452,3.495274301
FF001,1.281551566,1.259533161,-3.42326956,1.270542363,-0.294061611
FF002,-0.777747616,-1.3489795,-4.518237897,-1.063363558,-2.214988338
FF003,-0.524400513,-1.2269417,-1.909191757,-0.875671106,-1.22017799
FF004,5.106512027,2.486474861,0.253347103,3.796493444,2.615444664
FF005,4.789291307,0.783086286,4.011543691,2.786188796,3.194640428
FF006,-0.524400513,0.770640933,0.524400513,0.12312021,0.256880311
FF007,8.529781588,1.878054623,-0.27105341,5.203918105,3.3789276
FF008,8.529781588,0.65006186,0,4.589921724,3.059947816
FF010,2.563103131,2.319343377,0.58827413,2.441223254,1.823573546
FF012,2.563103131,8.529781588,0.777747616,5.546442359,3.956877445
FF013,2.123172799,1.683242467,0.757151053,1.903207633,1.521188773
FF014,5.546442359,1.956041316,-3.740490281,3.751241838,1.253997798
FF015,1.683242467,1.094968337,,1.389105402,
FF016,-0.439930332,-0.67448975,-1.534898669,-0.557210041,-0.88310625
FF017,8.529781588,2.681287016,-1.028204462,5.605534302,3.394288047
FF018,8.529781588,2.123172799,4.011543691,5.326477193,4.888166026
FF019,5.546442359,2.123172799,5.106512027,3.834807579,4.258709062
FF020,1.094968337,2.030174093,1.094968337,1.562571215,1.406703589
FF022,8.529781588,1.956041316,-0.58827413,5.242911452,3.299182924
FF023,2.563103131,0,-0.777747616,1.281551566,0.595118505
FF024,8.529781588,0.510981813,-0.253347103,4.520381701,2.929138766
FF025,5.546442359,1.289780493,0.27105341,3.418111426,2.369092087
FF027,4.789291307,0.770640933,-0.58827413,2.77996612,1.65721937
FF028,5.106512027,1.683242467,0.317220721,3.394877247,2.368991739
FF030,1.366021746,0.548828403,-3.740490281,0.957425075,-0.608546711
FF031,-0.524400513,-1.366021746,-4.518237897,-0.945211129,-2.136220052
FF032,4.789291307,0.58827413,0.757151053,2.688782719,2.044905497
FF042,8.529781588,0.510981813,0.253347103,4.520381701,3.098036835
FF050,-0.253347103,,,,
FF054,1.366021746,-0.127685756,1.028204462,0.619167995,0.755513484
FF055,5.546442359,-0.910772043,-8.529781588,2.317835158,-1.29803709
FF056,4.011543691,-0.456300767,-1.094968337,1.777621462,0.820091529
FF058,1.805952078,0.139080046,0.27105341,0.972516062,0.738695178
FF060,-0.524400513,1.956041316,-0.253347103,0.715820402,0.392764567
FF062,5.546442359,2.317984955,0.777747616,3.932213657,2.880724977
FF063,8.529781588,1.059810217,1.366021746,4.794795902,3.651871184
FF064,1.805952078,0.37900845,-0.27105341,1.092480264,0.63796904
FF065,8.529781588,2.123172799,0.757151053,5.326477193,3.80336848
FF066,5.106512027,1.198890263,0.841621234,3.152701145,2.382341175
FF067,5.106512027,1.3489795,0.841621234,3.227745764,2.43237092
FF068,5.546442359,0.777747616,0.524400513,3.162094988,2.282863496
FF069,2.563103131,1.956041316,0.777747616,2.259572223,1.765630688
FF070,2.123172799,2.16925414,-0.439930332,2.146213469,1.284165536
FF071,1.805952078,0.927836853,3.42326956,1.366894466,2.052352831
FF072,8.529781588,4.939380544,0.317220721,6.734581066,4.595460951
FF073,-0.524400513,-1.198890263,-4.518237897,-0.861645388,-2.080509558
FF075,0,-2.983339228,-4.789291307,-1.491669614,-2.590876845
FF076,4.518237897,0.67448975,-8.529781588,2.596363824,-1.112351314
FF077,1.281551566,0.841621234,0.841621234,1.0615864,0.988264678
FF079,-0.524400513,-1.198890263,-5.106512027,-0.861645388,-2.276600934
FF080,1.366021746,0,3.42326956,0.683010873,1.596430436
FF081,5.106512027,0.125661347,-0.27105341,2.616086687,1.653706655
FF083,2.123172799,1.644853627,0,1.884013213,1.256008809
FF084,2.123172799,0.800151097,-5.546442359,1.461661948,-0.874372821
FF085,-0.317220721,-4.011543691,-3.42326956,-2.164382206,-2.584011324
FF086,0.777747616,0.37900845,0,0.578378033,0.385585355
FF087,8.529781588,2.123172799,0,5.326477193,3.550984796
FF089,1.534898669,1.162094736,0.777747616,1.348496703,1.158247007
FF090,1.094968337,-0.67448975,-0.757151053,0.210239293,-0.112224155
FF091,5.106512027,0.715959887,1.028204462,2.911235957,2.283558792
FF092,0.524400513,-5.106512027,-8.529781588,-2.291055757,-4.370631034
FF093,-3.42326956,-3.879570328,0.27105341,-3.651419944,-2.343928826
FF094,5.546442359,0.125661347,-0.524400513,2.836051853,1.715901065
FF095,8.529781588,0.58827413,-0.27105341,4.559027859,2.94900077
FF097,8.529781588,2.319343377,0.253347103,5.424562482,3.700824023
FF098,2.123172799,1.259533161,-4.011543691,1.69135298,-0.209612577
FF099,8.529781588,1.956041316,4.011543691,5.242911452,4.832455531
FF100,5.546442359,0.96728258,-1.094968337,3.25686247,1.806252201
FF101,4.789291307,2.072866779,-0.58827413,3.431079043,2.091294652
FF102,5.546442359,2.072866779,0,3.809654569,2.539769713
FF103,4.789291307,-0.127685756,1.028204462,2.330802775,1.896603338
FF106,8.529781588,2.123172799,2.983339228,5.326477193,4.545431205
FF107,4.518237897,1.028204462,0.757151053,2.77322118,2.101197804
FF108,8.529781588,1.878054623,3.740490281,5.203918105,4.716108831
FF109,8.529781588,5.909744421,0.317220721,7.219763004,4.918915577
FF110,4.789291307,1.683242467,0.58827413,3.236266887,2.353602635
FF111,5.546442359,2.317984955,5.106512027,3.932213657,4.323646447
FF112,5.106512027,1.289780493,4.011543691,3.19814626,3.469278737
FF113,5.106512027,1.198890263,-0.27105341,3.152701145,2.011449627
FF114,8.529781588,0.777747616,4.518237897,4.653764602,4.608589034
FF115,5.106512027,1.534898669,0.58827413,3.320705348,2.409894942
FF116,2.563103131,1.036433389,-0.439930332,1.79976826,1.053202063
FF117,5.546442359,2.486474861,-0.439930332,4.01645861,2.530995629
FF118,8.529781588,-0.289169284,-0.757151053,4.120306152,2.494487084
FF119,5.546442359,5.301324183,0.58827413,5.423883271,3.812013558
FF120,8.529781588,2.486474861,1.805952078,5.508128224,4.274069509
FF121,5.546442359,5.106512027,0.841621234,5.326477193,3.831525207
FF122,5.106512027,0.800151097,-8.529781588,2.953331562,-0.874372821
FF123,8.529781588,5.546442359,1.366021746,7.038111974,5.147415231
FF124,5.106512027,0.63866757,-0.253347103,2.872589799,1.830610831
FF125,8.529781588,1.560833902,0,5.045307745,3.363538497
FF126,5.546442359,1.289780493,0.757151053,3.418111426,2.531124635
FF127,5.546442359,0.757151053,-2.983339228,3.151796706,1.106751395
FF128,0.524400513,-1.3489795,-2.123172799,-0.412289494,-0.982583929
FF129,1.366021746,3.228457404,0,2.297239575,1.53149305
FF132,5.546442359,1.560833902,-0.439930332,3.553638131,2.222448643
FF133,8.529781588,2.926405192,0.317220721,5.72809339,3.924469167
FF134,8.529781588,1.366021746,0.777747616,4.947901667,3.557850317
FF135,5.546442359,1.2269417,1.028204462,3.38669203,2.600529507
FF136,1.534898669,0.803232393,3.740490281,1.169065531,2.026207114
FF137,1.281551566,0.770640933,-0.506694206,1.026096249,0.515166097
FF138,2.563103131,5.301324183,0.27105341,3.932213657,2.711826908
FF139,-0.524400513,2.681287016,-1.028204462,1.078443252,0.376227347
FF140,5.106512027,0.385320466,0,2.745916247,1.830610831
FF141,8.529781588,1.560833902,-0.777747616,5.045307745,3.104289291
FF142,8.529781588,0.317220721,0,4.423501154,2.94900077
FF143,8.529781588,1.878054623,2.123172799,5.203918105,4.177003003
FF145,5.546442359,2.926405192,0.317220721,4.236423776,2.930022758
FF146,8.529781588,0.777747616,0,4.653764602,3.102509735
FF147,5.546442359,1.666872032,-0.317220721,3.606657196,2.29869789
FF148,8.529781588,1.560833902,3.42326956,5.045307745,4.50462835
FF149,1.683242467,1.289780493,0,1.48651148,0.991007653
FF150,2.123172799,1.3489795,-1.028204462,1.73607615,0.814649279
FF151,5.106512027,1.3489795,0.777747616,3.227745764,2.411079715
FF152,8.529781588,2.681287016,2.123172799,5.605534302,4.444747134
FF155,5.546442359,1.198890263,0,3.372666311,2.248444207
FF156,1.094968337,0,0.439930332,0.547484168,0.51163289
FF157,5.546442359,1.71092314,0.27105341,3.62868275,2.50947297
FF158,2.563103131,2.319343377,2.123172799,2.441223254,2.335206436
FF159,8.529781588,1.059810217,-0.317220721,4.794795902,3.090790361
FF161,2.563103131,0.777747616,-1.048801025,1.670425373,0.764016574
FF162,2.123172799,1.2269417,0.439930332,1.67505725,1.263348277
FF163,5.546442359,-0.194812156,0.841621234,2.675815102,2.064417146
FF164,5.106512027,1.366021746,0,3.236266887,2.157511258
FF165,8.529781588,2.926405192,0.841621234,5.72809339,4.099269338
FF166,5.106512027,1.036433389,1.281551566,3.071472708,2.474832328
FF167,5.546442359,1.956041316,-0.27105341,3.751241838,2.410476755
FF168_1,8.529781588,0.510981813,0,4.520381701,3.0135878
FF168_2,1.366021746,-0.127685756,-1.805952078,0.619167995,-0.189205363
FF169_1,8.529781588,1.198890263,0.27105341,4.864335925,3.333241753
FF169_2,8.529781588,2.317984955,-0.253347103,5.423883271,3.531473147
FF170,0.524400513,-1.198890263,-2.123172799,-0.337244875,-0.932554183
FF171,5.546442359,1.198890263,1.805952078,3.372666311,2.850428234
FF201,8.529781588,1.683242467,3.42326956,5.106512027,4.545431205
FF202,8.529781588,1.421753856,0.524400513,4.975767722,3.491978652
FF204,8.529781588,1.956041316,-0.58827413,5.242911452,3.299182924
FF205,2.123172799,1.878054623,0.439930332,2.000613711,1.480385918
FF207,8.529781588,5.909744421,5.546442359,7.219763004,6.661989456
FF208,5.546442359,0.385320466,-0.27105341,2.965881413,1.886903139
FF210,5.546442359,-0.800151097,0,2.373145631,1.582097087
FF211,2.563103131,0.96728258,0.439930332,1.765192856,1.323438681
FF216,4.518237897,1.644853627,1.366021746,3.081545762,2.509704423
FF217,8.529781588,5.909744421,0,7.219763004,4.813175336
FF222,5.546442359,1.366021746,1.683242467,3.456232053,2.865235524
FF269,5.106512027,5.546442359,0.777747616,5.326477193,3.810234001
FF279,5.546442359,2.926405192,4.011543691,4.236423776,4.161463748
FF999,2.563103131,-0.125661347,-1.805952078,1.218720892,0.210496569
ID115,0.777747616,0.127685756,-0.58827413,0.452716686,0.105719747
ID116,1.366021746,3.740490281,0,2.553256014,1.702170676
ID117,0.841621234,0,-2.983339228,0.420810617,-0.713905998
ID118,1.534898669,0.253347103,0,0.894122886,0.596081924
ID119,1.805952078,-1.51919228,-4.264890794,0.143379899,-1.326043665
ID120,0.841621234,0.548828403,-0.757151053,0.695224818,0.211099528
ID121,-0.253347103,-2.123172799,-8.529781588,-1.188259951,-3.63543383
ID123,2.563103131,-0.548828403,2.983339228,1.007137364,1.665871319
ID124,5.106512027,-0.27105341,-4.264890794,2.417729309,0.190189275
ID126,-2.983339228,-1.195436973,,-2.089388101,
KO101,4.789291307,-1.366021746,-2.123172799,1.71163478,0.433365587
KO102,5.546442359,1.036433389,-3.42326956,3.291437874,1.053202063
KO103,1.048801025,0.777747616,0.317220721,0.913274321,0.714589787
KO104,5.546442359,-0.385320466,-4.011543691,2.580560947,0.383192734
KO105,1.094968337,0,0.58827413,0.547484168,0.561080822
KO106,-0.506694206,-2.563103131,-1.805952078,-1.534898669,-1.625249805
KO107,0.253347103,-1.198890263,-0.524400513,-0.47277158,-0.489981224
KO108,-0.524400513,-1.366021746,-4.789291307,-0.945211129,-2.226571189
KO109,-4.518237897,-1.534898669,-1.683242467,-3.026568283,-2.578793011
KO110,0.253347103,-0.96728258,-2.563103131,-0.356967739,-1.092346203
KO111,1.805952078,-0.127685756,0.253347103,0.839133161,0.643871142
KO112,-0.524400513,-4.789291307,-4.518237897,-2.65684591,-3.277309905
KO113,0,-0.548828403,-0.757151053,-0.274414202,-0.435326485
KO115,-0.777747616,-1.366021746,-5.106512027,-1.071884681,-2.416760463
KO116,0,-1.878054623,-1.366021746,-0.939027312,-1.08135879
KO118,-0.253347103,-1.560833902,-5.546442359,-0.907090503,-2.453541122
KO119,-0.524400513,-1.956041316,-5.546442359,-1.240220914,-2.675628063
KO121,-0.253347103,-1.366021746,-1.805952078,-0.809684425,-1.141773643
KO123,-0.777747616,-0.970363877,-1.534898669,-0.874055746,-1.09433672
KO124,0,0.194812156,0,0.097406078,0.064937385
KO125,4.518237897,2.983339228,-2.983339228,3.750788563,1.506079299
KO126,1.028204462,-0.27105341,0.317220721,0.378575526,0.358123925
KO127,0.841621234,-0.803232393,-3.42326956,0.01919442,-1.128293573
KOR101,-0.524400513,-1.366021746,-4.518237897,-0.945211129,-2.136220052
KOR102,1.534898669,0.524400513,0.506694206,1.029649591,0.855331129
KOR103,-0.524400513,-1.3489795,-4.518237897,-0.936690007,-2.130539303
KOR104,5.546442359,0,1.094968337,2.77322118,2.213803565
KOR105,2.563103131,0,-2.983339228,1.281551566,-0.140078699
KOR106,-8.529781588,-1.198890263,-4.518237897,-4.864335925,-4.748969916
KOR107,2.563103131,1.407212912,-1.028204462,1.985158022,0.98070386
KOR108_1,4.789291307,1.683242467,0,3.236266887,2.157511258
KOR108_2,0.506694206,0.783086286,0,0.644890246,0.429926831
KOR109_1,8.529781588,1.805952078,,5.167866833,
KOR109_2,2.123172799,0.37900845,-4.011543691,1.251090625,-0.503120814
KOR110,0.777747616,0.125661347,0,0.451704481,0.301136321
KOR111,1.094968337,-0.131973363,-4.789291307,0.481497487,-1.275432111
KOR112,1.805952078,0.910772043,0.317220721,1.35836206,1.011314947
KOR113,5.546442359,1.534898669,0,3.540670514,2.360447009
KOR114,5.106512027,0.910772043,-0.58827413,3.008642035,1.80966998
KOR115,1.683242467,0,-3.42326956,0.841621234,-0.580009031
KOR116,1.366021746,0.607061815,0.253347103,0.986541781,0.742143555
KOR118,8.529781588,2.16925414,0,5.349517864,3.566345243
KOR119,8.529781588,2.123172799,-2.983339228,5.326477193,2.556538386
KOR120,-0.524400513,-1.516110984,-4.518237897,-1.020255748,-2.186249798
KOR121,1.028204462,4.789291307,0.439930332,2.908747885,2.0858087
KOR123,4.518237897,-0.524400513,-4.011543691,1.996918692,-0.005902102
KOR124,8.529781588,1.155890219,-0.58827413,4.842835903,3.032465892
KOR125,0,-0.800151097,0.253347103,-0.400075549,-0.182267998
KOR126,-0.524400513,-1.198890263,-4.518237897,-0.861645388,-2.080509558
KOR127,2.563103131,4.139229447,0,3.351166289,2.234110859
KOR128,5.106512027,1.644853627,2.983339228,3.375682827,3.244901628
KOR129,1.366021746,0.524400513,3.740490281,0.945211129,1.876970847
KOR130,-0.524400513,-1.198890263,-4.518237897,-0.861645388,-2.080509558
KOR131,-0.524400513,-1.516110984,-8.529781588,-1.020255748,-3.523431028
KOR132,8.529781588,0.127685756,0.27105341,4.328733672,2.976173585
KOR133,1.683242467,0.251322694,-1.028204462,0.96728258,0.302120233
KOR134,5.546442359,0.27105341,0,2.908747885,1.939165256
KOR135,2.563103131,1.71092314,0,2.137013135,1.424675424
KOR136,-0.524400513,0.251322694,2.123172799,-0.136538909,0.616698327
KOR137,-1.366021746,0.25965912,-0.317220721,-0.553181313,-0.474527783
KOR139,8.529781588,0.777747616,0.506694206,4.653764602,3.271407803
KOR140,-0.524400513,-1.198890263,-4.518237897,-0.861645388,-2.080509558
KOR141,-0.524400513,-1.198890263,-4.518237897,-0.861645388,-2.080509558
KOR144,5.546442359,0.289169284,-0.439930332,2.917805822,1.798560437
KOR145,8.529781588,0.927836853,0.439930332,4.728809221,3.299182924
KOR146,1.028204462,-1.2269417,-0.439930332,-0.099368619,-0.21288919
KOR147,-0.524400513,-1.366021746,-4.518237897,-0.945211129,-2.136220052
KOR148,5.106512027,-0.96728258,-2.123172799,2.069614724,0.672018883
KOR149,8.529781588,1.281551566,-4.264890794,4.905666577,1.84881412
KOR150,5.546442359,0.167131483,0.439930332,2.856786921,2.051168058
KOR151,5.106512027,0.27105341,-2.983339228,2.688782719,0.798075403
KOR152,5.106512027,1.71092314,0,3.408717584,2.272478389
KOR153,5.546442359,0.37900845,-0.253347103,2.962725405,1.890701235
KOR154,0.524400513,-0.909720979,-1.094968337,-0.192660233,-0.493429601
KOR155,5.546442359,0.841621234,0,3.194031797,2.129354531
KOR156,5.546442359,1.421753856,1.534898669,3.484098108,2.834364961
KOR157,5.546442359,1.3489795,-0.58827413,3.44771093,2.102382576
KOR158,-0.524400513,1.2269417,0,0.351270594,0.234180396
KOR159,5.546442359,-0.510981813,0,2.517730273,1.678486849
KOR160,5.546442359,0.927836853,0.317220721,3.237139606,2.263833311
KOR161,5.546442359,2.319343377,0.841621234,3.932892868,2.90246899
KOR162,3.42326956,2.620037167,-2.983339228,3.021653364,1.019989166
KOR163,2.123172799,0.524400513,0,1.323786656,0.882524437
KOR166,8.529781588,2.317984955,0.58827413,5.423883271,3.812013558
KOR167,-0.27105341,-1.198890263,-4.518237897,-0.734971836,-1.996060523
KOR168,5.546442359,-0.37900845,0,2.583716955,1.72247797
KOR169,0.27105341,-1.3489795,-5.546442359,-0.538963045,-2.208122817
KOR170,2.123172799,5.301324183,-4.264890794,3.712248491,1.053202063
KOR171,1.805952078,1.534898669,0.27105341,1.670425373,1.203968052
KOR172,5.106512027,0.456300767,0.439930332,2.781406397,2.000914376
KOR173,5.546442359,1.059810217,3.740490281,3.303126288,3.448914286
KOR174,3.42326956,-3.879570328,-5.106512027,-0.228150384,-1.854270932
KOR175,0.524400513,-1.71092314,-5.106512027,-0.593261313,-2.097678218
KOR176,8.529781588,2.123172799,0.841621234,5.326477193,3.831525207
KOR177,1.048801025,1.683242467,0.27105341,1.366021746,1.001032301
KOR178,5.106512027,1.683242467,-0.27105341,3.394877247,2.172900362
KOR179,2.563103131,0.131973363,0,1.347538247,0.898358831
KOR181,4.789291307,0.96728258,0.524400513,2.878286944,2.093658133
KOR182,5.546442359,0.127685756,0,2.837064058,1.891376039
KOR183,-0.253347103,0.131973363,0.253347103,-0.06068687,0.043991121
KOR184,-0.524400513,0.909720979,0.757151053,0.192660233,0.38082384
KOR185,-0.524400513,-0.506694206,0,-0.515547359,-0.34369824
KOR201,0,-1.71092314,-4.518237897,-0.85546157,-2.076387012
KOR202,-3.740490281,-4.939380544,-5.106512027,-4.339935413,-4.595460951
KOR203,0.253347103,-1.366021746,-5.546442359,-0.556337322,-2.219705668
LA101,5.546442359,2.681287016,0,4.113864688,2.742576459
LA102,5.546442359,2.486474861,1.534898669,4.01645861,3.189271963
LA103,5.546442359,0.385320466,-4.011543691,2.965881413,0.640073045
LA105,5.106512027,1.366021746,-0.27105341,3.236266887,2.067160121
LB168,2.123172799,1.89820073,-0.253347103,2.010686765,1.256008809
MG100,-0.524400513,2.486474861,0.253347103,0.981037174,0.738473817
MX101,5.546442359,1.516110984,-0.27105341,3.531276672,2.263833311
MX102,2.563103131,0.770640933,1.683242467,1.666872032,1.672328844
MX103,0.506694206,-0.385320466,-3.42326956,0.06068687,-1.10063194
MX104,0.253347103,-0.127685756,0.253347103,0.062830673,0.12633615
MX105,1.534898669,-1.048801025,-0.777747616,0.243048822,-0.097216658
MX106,4.789291307,1.391506524,3.740490281,3.090398915,3.307096037
MX107,5.546442359,0.783086286,0.439930332,3.164764323,2.256486326
MX108,0.27105341,-2.030174093,-1.028204462,-0.879560342,-0.929108382
MX110,-0.777747616,-1.71092314,-5.106512027,-1.244335378,-2.531727594
MX111,-1.094968337,-5.301324183,-5.106512027,-3.19814626,-3.834268183
TB101,5.106512027,2.681287016,0.841621234,3.893899522,2.876473426
TB102,5.546442359,0.37900845,-1.094968337,2.962725405,1.610160824
TB103,4.789291307,-0.253347103,-0.777747616,2.267972102,1.252732196
TB104,-0.777747616,-1.366021746,-4.264890794,-1.071884681,-2.136220052
TB105,2.563103131,1.028204462,-0.317220721,1.795653797,1.091362291
TB107,-1.048801025,-1.89820073,-5.106512027,-1.473500878,-2.684504594
TB108,2.123172799,0.253347103,0.58827413,1.188259951,0.988264678
